order_id,customer_id,store_id,department_id,order_date,status,quantity,unit_price,total_amount,payment_method
1,377,444,80,2026-09-05,Completed,2,17.3,34.6,Gift Card
2,420,361,340,2025-07-18,Completed,5,71.66,358.3,Debit Card
3,888,26,522,2025-08-12,Shipped,1,40.31,40.31,Credit Card
4,248,292,377,2025-02-22,Pending,3,23.47,70.41,Debit Card
5,777,580,519,2025-03-10,Returned,2,111.36,222.72,Credit Card
6,339,274,148,2025-05-26,Pending,2,20.14,40.28,Credit Card
7,283,977,137,2025-07-19,Completed,1,11.0,11.0,Credit Card
8,905,939,216,2025-01-01,Returned,1,29.57,29.57,Credit Card
9,877,170,948,2026-05-21,Completed,2,8.85,17.7,Cash
10,351,572,562,2025-12-05,Shipped,2,62.99,125.98,Credit Card
11,665,826,609,2025-09-09,Completed,4,39.97,159.88,Credit Card
12,136,264,110,2025-06-01,Completed,5,51.14,255.7,Gift Card
13,806,761,410,2026-03-06,Completed,2,29.69,59.38,Credit Card
14,204,447,416,2026-03-19,Completed,2,2.7,5.4,Debit Card
15,993,603,220,2026-02-20,Completed,1,20.74,20.74,Credit Card
16,79,874,85,2025-04-14,Completed,1,37.74,37.74,Cash
17,988,156,53,2025-01-03,Completed,1,102.67,102.67,Credit Card
18,947,170,915,2025-11-14,Completed,2,34.81,69.62,Credit Card
19,420,175,919,2026-02-05,Pending,2,46.81,93.62,Debit Card
20,517,292,142,2025-03-08,Completed,2,33.54,67.08,PayPal
21,955,706,291,2025-02-02,Completed,2,6.63,13.26,Credit Card
22,414,301,670,2026-02-15,Completed,3,18.27,54.81,PayPal
23,868,153,721,2025-06-08,Completed,1,19.82,19.82,Credit Card
24,152,76,290,2025-12-07,Shipped,1,24.97,24.97,Debit Card
25,446,310,960,2025-08-03,Cancelled,1,64.75,64.75,Cash
26,255,192,833,2026-05-25,Completed,1,51.83,51.83,PayPal
27,884,990,725,2026-03-09,Shipped,1,12.83,12.83,PayPal
28,889,499,897,2025-12-09,Completed,2,78.83,157.66,PayPal
29,307,185,428,2025-02-09,Pending,2,18.5,37.0,Debit Card
30,820,791,845,2026-05-29,Completed,2,21.12,42.24,Credit Card
31,879,911,542,2026-08-28,Completed,3,27.51,82.53,Debit Card
32,959,561,298,2026-07-06,Returned,3,21.76,65.28,Debit Card
33,447,486,850,2026-03-04,Cancelled,1,62.65,62.65,PayPal
34,237,272,308,2025-02-09,Pending,5,48.97,244.85,Cash
35,166,975,842,2026-04-06,Completed,1,28.33,28.33,Credit Card
36,54,560,963,2026-03-03,Completed,3,5.08,15.24,PayPal
37,786,53,509,2026-08-18,Completed,2,13.94,27.88,Cash
38,296,744,337,2025-07-01,Completed,4,70.53,282.12,Credit Card
39,82,102,133,2025-09-22,Completed,1,13.86,13.86,Credit Card
40,730,100,784,2025-10-23,Completed,5,16.68,83.4,Debit Card
41,95,960,4,2025-09-03,Completed,1,15.83,15.83,Cash
42,277,125,513,2026-07-02,Completed,10,10.31,103.1,Credit Card
43,285,181,398,2025-07-13,Completed,3,21.82,65.46,Credit Card
44,499,65,167,2025-05-30,Completed,3,42.12,126.36,Debit Card
45,199,31,349,2026-02-03,Pending,2,131.91,263.82,Debit Card
46,795,653,496,2026-08-24,Shipped,3,16.65,49.95,Credit Card
47,233,330,658,2026-01-13,Completed,4,31.36,125.44,Credit Card
48,153,768,858,2025-01-08,Returned,2,20.81,41.62,PayPal
49,984,140,485,2026-05-22,Completed,2,29.83,59.66,Debit Card
50,123,842,436,2025-10-28,Completed,2,18.82,37.64,Credit Card
51,681,389,157,2025-10-15,Completed,10,13.85,138.5,Debit Card
52,258,417,24,2025-01-27,Returned,1,26.87,26.87,Credit Card
53,891,103,372,2025-04-27,Completed,1,29.53,29.53,Credit Card
54,482,238,51,2025-10-11,Completed,1,3.75,3.75,Cash
55,935,592,892,2026-07-14,Completed,4,69.97,279.88,Debit Card
56,621,276,759,2025-02-23,Completed,3,19.68,59.04,Credit Card
57,5,370,416,2026-07-09,Completed,1,25.55,25.55,Credit Card
58,917,888,107,2026-10-01,Pending,3,43.5,130.5,Debit Card
59,130,6,698,2026-06-20,Cancelled,1,97.88,97.88,Debit Card
60,863,217,628,2026-02-02,Completed,1,29.06,29.06,Debit Card
61,621,276,256,2026-09-24,Cancelled,10,20.33,203.3,Credit Card
62,654,708,132,2026-08-14,Completed,2,44.34,88.68,Debit Card
63,777,256,763,2025-02-17,Shipped,1,39.51,39.51,Cash
64,780,713,15,2026-02-28,Completed,1,17.34,17.34,Credit Card
65,409,421,388,2026-06-16,Shipped,2,11.95,23.9,Debit Card
66,221,682,879,2025-09-06,Completed,1,22.48,22.48,PayPal
67,9,911,854,2025-03-03,Shipped,1,25.71,25.71,Debit Card
68,181,437,788,2025-01-15,Completed,4,13.68,54.72,Cash
69,896,705,885,2025-10-10,Pending,1,38.84,38.84,PayPal
70,538,225,972,2026-07-19,Completed,1,13.34,13.34,PayPal
71,842,883,675,2026-06-13,Pending,1,18.66,18.66,Cash
72,76,981,685,2026-07-24,Cancelled,5,17.28,86.4,Debit Card
73,944,153,982,2025-01-21,Completed,1,26.88,26.88,Cash
74,76,751,314,2026-03-12,Completed,1,26.26,26.26,Gift Card
75,769,578,366,2025-04-09,Completed,1,88.04,88.04,Debit Card
76,333,247,546,2025-12-08,Completed,1,17.72,17.72,Debit Card
77,310,421,888,2025-02-14,Completed,1,30.07,30.07,Debit Card
78,75,220,224,2026-01-15,Completed,1,39.83,39.83,Credit Card
79,419,461,915,2025-08-03,Completed,1,13.03,13.03,PayPal
80,96,645,961,2025-09-04,Completed,3,64.24,192.72,Cash
81,461,815,422,2025-12-05,Completed,3,4.25,12.75,Debit Card
82,911,366,772,2026-04-09,Completed,1,23.25,23.25,Credit Card
83,643,843,161,2025-08-28,Shipped,2,36.03,72.06,Cash
84,474,461,232,2026-09-26,Completed,1,20.09,20.09,Credit Card
85,210,855,704,2026-03-19,Completed,1,118.39,118.39,Credit Card
86,486,162,217,2025-03-16,Completed,1,24.06,24.06,Credit Card
87,79,694,544,2026-08-29,Cancelled,1,28.86,28.86,PayPal
88,908,677,581,2025-08-09,Returned,2,82.44,164.88,Debit Card
89,814,949,752,2025-01-21,Completed,1,14.26,14.26,Credit Card
90,477,973,878,2025-04-26,Completed,5,7.87,39.35,Credit Card
91,730,552,897,2025-08-26,Pending,3,9.6,28.8,Credit Card
92,383,86,348,2026-06-22,Completed,2,7.63,15.26,Credit Card
93,917,859,211,2025-05-24,Pending,4,7.94,31.76,Credit Card
94,531,650,560,2025-03-24,Shipped,1,23.64,23.64,Credit Card
95,526,12,799,2025-01-28,Pending,10,21.53,215.3,Cash
96,741,828,653,2026-08-23,Completed,1,9.93,9.93,Cash
97,888,59,807,2026-10-01,Shipped,1,125.88,125.88,Debit Card
98,362,517,662,2025-10-24,Shipped,1,85.71,85.71,Credit Card
99,18,503,535,2025-03-20,Completed,2,33.13,66.26,Gift Card
100,204,520,446,2026-04-24,Completed,3,16.77,50.31,Debit Card
101,876,91,371,2026-06-13,Completed,4,17.09,68.36,Credit Card
102,482,234,330,2026-01-14,Shipped,1,14.03,14.03,Credit Card
103,804,41,641,2026-04-27,Completed,2,54.83,109.66,Credit Card
104,323,18,791,2026-10-01,Pending,2,57.93,115.86,PayPal
105,539,49,951,2025-05-06,Cancelled,1,11.99,11.99,Credit Card
106,825,751,265,2025-07-01,Completed,5,42.24,211.2,Debit Card
107,255,542,664,2025-03-07,Completed,2,13.35,26.7,Credit Card
108,145,175,535,2026-08-09,Shipped,2,34.19,68.38,Cash
109,59,735,134,2026-01-13,Shipped,1,14.75,14.75,Gift Card
110,965,895,42,2026-02-04,Completed,1,41.11,41.11,PayPal
111,588,895,44,2025-07-11,Completed,5,21.23,106.15,Credit Card
112,349,887,934,2025-01-24,Shipped,2,15.93,31.86,Debit Card
113,833,544,518,2025-01-24,Pending,4,42.31,169.24,Cash
114,825,283,340,2025-05-18,Completed,2,31.55,63.1,Gift Card
115,310,874,299,2025-09-02,Completed,1,12.19,12.19,Credit Card
116,844,323,905,2025-05-06,Completed,1,49.77,49.77,Credit Card
117,965,478,739,2025-05-07,Completed,1,46.15,46.15,Debit Card
118,423,138,415,2025-11-27,Returned,1,43.97,43.97,Credit Card
119,191,777,985,2025-12-02,Returned,3,36.97,110.91,Credit Card
120,879,914,9,2025-01-11,Cancelled,1,46.08,46.08,Credit Card
121,938,563,131,2026-09-04,Completed,2,18.39,36.78,Credit Card
122,342,291,843,2026-09-03,Completed,2,39.57,79.14,Cash
123,153,625,812,2025-12-21,Completed,4,40.71,162.84,Credit Card
124,636,589,294,2025-04-22,Completed,3,111.16,333.48,Credit Card
125,538,221,622,2026-09-09,Completed,1,45.29,45.29,Credit Card
126,248,38,713,2025-10-29,Completed,1,12.43,12.43,Debit Card
127,44,346,244,2026-05-20,Cancelled,4,60.75,243.0,Debit Card
128,762,132,437,2025-01-19,Cancelled,1,36.63,36.63,PayPal
129,57,906,623,2025-04-01,Pending,2,13.9,27.8,Cash
130,813,103,976,2025-06-29,Pending,2,10.31,20.62,Credit Card
131,534,586,112,2026-05-13,Shipped,3,27.53,82.59,Debit Card
132,660,987,42,2025-04-29,Completed,5,51.47,257.35,PayPal
133,258,244,489,2026-07-18,Shipped,10,48.67,486.7,Debit Card
134,567,55,105,2026-01-15,Completed,1,14.52,14.52,Cash
135,49,588,187,2025-01-17,Shipped,2,11.7,23.4,Debit Card
136,79,966,641,2026-03-07,Pending,1,37.13,37.13,Debit Card
137,303,778,615,2026-04-13,Completed,2,96.09,192.18,Debit Card
138,947,151,339,2026-08-02,Completed,2,41.9,83.8,Credit Card
139,968,800,145,2026-03-17,Completed,2,46.64,93.28,Debit Card
140,418,469,783,2026-03-04,Returned,2,7.27,14.54,Credit Card
141,475,334,687,2026-09-09,Cancelled,1,10.5,10.5,Cash
142,533,712,580,2026-09-17,Completed,1,14.71,14.71,Credit Card
143,803,693,151,2026-03-21,Shipped,1,32.91,32.91,Credit Card
144,615,850,222,2025-01-16,Completed,1,23.62,23.62,Gift Card
145,813,322,586,2025-12-11,Returned,4,180.78,723.12,Cash
146,184,602,816,2025-11-15,Pending,3,23.03,69.09,Credit Card
147,876,230,2,2025-01-07,Shipped,1,90.77,90.77,Debit Card
148,930,685,198,2026-09-19,Completed,4,27.27,109.08,PayPal
149,50,664,286,2025-03-24,Completed,5,22.61,113.05,Debit Card
150,330,645,535,2025-07-20,Cancelled,1,23.25,23.25,PayPal
151,643,287,277,2025-01-18,Cancelled,1,40.65,40.65,Debit Card
152,255,144,744,2026-02-17,Pending,1,46.24,46.24,Debit Card
153,172,894,504,2026-10-01,Pending,1,29.48,29.48,PayPal
154,165,92,960,2025-05-16,Returned,2,12.71,25.42,Credit Card
155,176,479,558,2025-03-23,Completed,1,70.33,70.33,Credit Card
156,930,1,389,2025-04-26,Completed,1,6.84,6.84,Debit Card
157,686,1000,354,2026-01-21,Completed,1,24.59,24.59,Credit Card
158,810,744,985,2025-06-22,Cancelled,2,14.16,28.32,Credit Card
159,166,55,243,2026-04-08,Completed,1,23.76,23.76,Credit Card
160,744,526,175,2025-07-11,Completed,2,52.5,105.0,Gift Card
161,900,187,105,2026-10-01,Completed,2,70.03,140.06,Debit Card
162,176,804,749,2026-09-14,Completed,2,7.47,14.94,Cash
163,238,869,528,2025-07-01,Completed,4,42.01,168.04,PayPal
164,883,439,413,2025-05-02,Completed,1,41.81,41.81,Cash
165,937,151,881,2025-01-16,Completed,1,15.0,15.0,Credit Card
166,671,358,336,2025-06-13,Completed,2,15.15,30.3,Credit Card
167,375,75,536,2025-06-28,Completed,1,23.25,23.25,Debit Card
168,166,699,275,2025-08-29,Completed,10,32.12,321.2,Debit Card
169,516,862,556,2026-03-20,Returned,4,38.16,152.64,Debit Card
170,520,621,346,2026-09-17,Completed,10,36.24,362.4,Debit Card
171,291,986,830,2025-02-06,Shipped,1,38.53,38.53,Debit Card
172,104,490,201,2026-07-07,Pending,1,30.24,30.24,Cash
173,323,629,66,2026-10-01,Shipped,2,22.69,45.38,Debit Card
174,505,938,447,2026-06-02,Completed,1,7.56,7.56,Gift Card
175,133,768,40,2026-06-29,Completed,1,33.39,33.39,Debit Card
176,837,713,276,2025-01-31,Shipped,2,51.2,102.4,PayPal
177,400,583,40,2025-02-01,Shipped,1,45.69,45.69,Credit Card
178,181,258,187,2026-06-21,Completed,3,19.2,57.6,Debit Card
179,588,253,650,2025-05-17,Shipped,4,32.71,130.84,Cash
180,809,82,701,2025-12-02,Completed,1,20.85,20.85,Cash
181,955,172,992,2026-08-13,Completed,2,64.4,128.8,PayPal
182,406,379,105,2025-08-17,Cancelled,1,32.69,32.69,PayPal
183,233,396,973,2026-07-27,Completed,1,26.59,26.59,Debit Card
184,792,199,314,2026-10-01,Shipped,2,48.17,96.34,PayPal
185,845,49,204,2026-06-19,Pending,2,25.79,51.58,Credit Card
186,235,91,334,2025-10-28,Completed,1,19.93,19.93,Credit Card
187,759,220,838,2026-03-06,Completed,1,8.35,8.35,Gift Card
188,950,17,983,2026-09-28,Completed,3,24.39,73.17,Gift Card
189,659,90,37,2025-12-29,Completed,3,7.46,22.38,Credit Card
190,482,620,751,2025-05-15,Shipped,2,29.2,58.4,Credit Card
191,950,357,412,2025-06-16,Cancelled,4,35.03,140.12,PayPal
192,955,792,598,2026-06-03,Completed,1,11.05,11.05,Cash
193,833,346,523,2025-12-12,Returned,1,11.03,11.03,PayPal
194,17,730,862,2026-09-21,Completed,1,49.22,49.22,Debit Card
195,323,140,955,2025-01-07,Cancelled,5,23.39,116.95,Credit Card
196,382,75,982,2025-08-31,Completed,2,71.84,143.68,PayPal
197,847,214,6,2025-11-28,Completed,1,19.11,19.11,Credit Card
198,221,291,311,2025-10-19,Cancelled,1,75.78,75.78,Debit Card
199,619,987,871,2025-08-16,Completed,2,38.38,76.76,PayPal
200,737,7,133,2026-01-11,Pending,5,34.16,170.8,PayPal
201,942,178,725,2026-07-11,Pending,1,32.53,32.53,Credit Card
202,893,661,8,2026-10-01,Completed,1,90.51,90.51,Credit Card
203,146,502,164,2025-07-28,Shipped,4,28.39,113.56,Debit Card
204,79,682,467,2025-07-01,Pending,3,17.32,51.96,PayPal
205,160,159,884,2026-08-08,Returned,1,18.69,18.69,Credit Card
206,524,247,748,2025-04-15,Completed,3,16.92,50.76,Debit Card
207,542,469,704,2025-08-09,Completed,10,34.54,345.4,Cash
208,949,858,949,2025-01-30,Completed,2,31.16,62.32,Credit Card
209,76,176,979,2025-04-14,Shipped,5,13.91,69.55,Cash
210,600,148,243,2025-06-20,Completed,1,14.81,14.81,Credit Card
211,809,570,963,2025-11-12,Completed,2,53.49,106.98,Credit Card
212,475,828,403,2025-10-24,Completed,3,53.09,159.27,Credit Card
213,9,733,743,2025-04-30,Completed,2,93.59,187.18,Debit Card
214,882,340,253,2026-09-03,Completed,2,24.58,49.16,Debit Card
215,181,142,594,2026-07-26,Returned,1,129.49,129.49,Debit Card
216,938,813,374,2026-02-11,Shipped,3,39.84,119.52,Cash
217,978,568,501,2026-09-14,Pending,1,55.49,55.49,Cash
218,897,216,710,2026-01-17,Shipped,2,31.35,62.7,Credit Card
219,537,285,310,2025-08-30,Cancelled,1,43.03,43.03,Debit Card
220,876,356,856,2025-06-16,Returned,3,17.19,51.57,PayPal
221,804,798,950,2026-08-24,Shipped,1,8.68,8.68,Cash
222,547,198,59,2026-09-19,Pending,2,60.1,120.2,PayPal
223,744,624,991,2025-04-28,Completed,1,45.26,45.26,Credit Card
224,828,143,55,2025-04-28,Completed,1,16.46,16.46,Cash
225,181,542,779,2026-03-25,Cancelled,1,11.74,11.74,Credit Card
226,748,390,346,2025-08-02,Completed,1,19.09,19.09,Cash
227,810,783,804,2025-10-16,Completed,3,41.41,124.23,Credit Card
228,825,346,881,2025-01-09,Completed,2,33.12,66.24,Credit Card
229,392,376,991,2025-12-25,Shipped,1,41.22,41.22,Gift Card
230,381,354,132,2026-08-21,Completed,3,53.87,161.61,Credit Card
231,896,368,563,2025-12-01,Completed,1,15.88,15.88,Credit Card
232,134,371,629,2025-06-15,Completed,1,75.36,75.36,Debit Card
233,79,883,605,2025-01-23,Completed,2,83.06,166.12,Credit Card
234,544,268,976,2025-06-12,Pending,2,62.62,125.24,Cash
235,228,980,509,2026-08-01,Cancelled,3,3.75,11.25,Debit Card
236,139,798,357,2026-01-16,Completed,2,17.6,35.2,Gift Card
237,258,114,46,2026-07-23,Completed,2,14.82,29.64,Credit Card
238,126,103,461,2026-02-13,Completed,1,66.68,66.68,PayPal
239,140,832,745,2026-01-11,Completed,2,30.75,61.5,Credit Card
240,842,87,201,2026-06-05,Completed,1,21.55,21.55,Debit Card
241,564,994,544,2025-10-10,Completed,3,49.56,148.68,Credit Card
242,296,541,693,2025-12-30,Completed,3,10.67,32.01,Cash
243,937,894,796,2025-07-25,Completed,1,7.72,7.72,Credit Card
244,962,404,448,2025-06-02,Completed,1,14.89,14.89,Debit Card
245,172,273,413,2026-03-01,Completed,2,26.17,52.34,Credit Card
246,619,479,128,2025-09-16,Completed,1,23.53,23.53,Cash
247,950,879,725,2026-10-01,Shipped,2,91.39,182.78,Debit Card
248,810,305,663,2026-09-05,Pending,10,27.47,274.7,PayPal
249,383,67,204,2026-04-20,Completed,2,26.77,53.54,Cash
250,392,930,392,2025-04-12,Completed,2,39.72,79.44,Debit Card
251,497,179,781,2025-11-27,Completed,2,17.84,35.68,Credit Card
252,528,934,117,2026-09-18,Completed,2,37.08,74.16,Credit Card
253,933,865,176,2025-04-19,Completed,1,15.46,15.46,Credit Card
254,810,266,98,2026-07-13,Returned,2,46.01,92.02,Cash
255,813,517,907,2026-08-22,Completed,3,37.51,112.53,Credit Card
256,819,641,602,2025-10-24,Cancelled,10,53.8,538.0,Debit Card
257,872,267,312,2026-07-02,Completed,1,30.16,30.16,Cash
258,952,451,996,2026-06-04,Completed,2,41.47,82.94,PayPal
259,238,486,328,2026-04-30,Shipped,3,19.18,57.54,Gift Card
260,978,94,783,2025-03-28,Cancelled,1,6.63,6.63,Debit Card
261,423,574,926,2026-06-01,Completed,1,6.73,6.73,Cash
262,777,274,45,2026-08-26,Completed,5,24.88,124.4,Cash
263,802,46,507,2026-07-20,Shipped,3,23.04,69.12,Credit Card
264,310,363,110,2026-04-17,Completed,2,6.92,13.84,PayPal
265,657,620,949,2026-03-08,Shipped,1,20.13,20.13,Credit Card
266,393,524,320,2025-06-05,Completed,2,23.76,47.52,Credit Card
267,965,646,417,2025-10-09,Completed,1,31.35,31.35,Credit Card
268,615,410,546,2026-05-29,Completed,10,45.65,456.5,Credit Card
269,876,70,436,2025-01-23,Shipped,1,29.78,29.78,Credit Card
270,567,841,895,2025-07-29,Shipped,10,34.12,341.2,Credit Card
271,842,411,341,2025-01-23,Cancelled,1,16.41,16.41,Credit Card
272,769,100,440,2025-11-22,Shipped,1,15.53,15.53,PayPal
273,281,65,482,2026-05-11,Cancelled,1,31.64,31.64,PayPal
274,768,772,560,2026-10-01,Completed,1,13.23,13.23,Debit Card
275,3,100,279,2025-03-23,Completed,4,24.12,96.48,Debit Card
276,108,942,404,2026-10-01,Completed,3,93.25,279.75,Credit Card
277,605,999,596,2026-02-10,Shipped,2,47.32,94.64,Debit Card
278,592,268,322,2025-02-20,Completed,1,11.56,11.56,Debit Card
279,696,746,64,2025-08-21,Pending,1,25.52,25.52,Debit Card
280,827,1000,727,2025-05-09,Completed,1,23.48,23.48,Debit Card
281,385,609,672,2026-08-10,Completed,1,26.55,26.55,Credit Card
282,306,442,510,2026-02-25,Completed,1,97.86,97.86,Cash
283,880,886,373,2026-05-17,Shipped,4,64.33,257.32,Credit Card
284,585,436,134,2025-09-06,Cancelled,2,27.73,55.46,Credit Card
285,897,789,429,2025-12-11,Shipped,1,6.8,6.8,Credit Card
286,248,122,180,2025-06-05,Completed,2,13.36,26.72,PayPal
287,439,319,411,2025-05-18,Pending,10,24.87,248.7,Debit Card
288,965,655,398,2025-03-03,Completed,1,5.05,5.05,PayPal
289,759,729,507,2026-07-27,Completed,2,28.13,56.26,PayPal
290,392,736,419,2025-09-27,Cancelled,4,18.92,75.68,Debit Card
291,18,778,906,2026-05-06,Completed,3,28.54,85.62,Debit Card
292,748,651,173,2026-01-13,Returned,1,456.61,456.61,PayPal
293,974,516,333,2025-09-17,Completed,1,37.23,37.23,Cash
294,49,669,377,2025-10-20,Shipped,1,61.46,61.46,Credit Card
295,547,749,504,2026-09-28,Shipped,4,33.72,134.88,PayPal
296,955,661,657,2025-06-20,Completed,1,8.15,8.15,Credit Card
297,569,920,487,2025-12-29,Shipped,2,110.88,221.76,Cash
298,95,43,262,2025-12-03,Shipped,2,22.07,44.14,Credit Card
299,951,274,640,2025-08-23,Completed,1,39.07,39.07,Credit Card
300,235,733,894,2026-02-10,Completed,4,53.49,213.96,Debit Card
301,95,261,261,2026-01-04,Completed,4,20.98,83.92,Debit Card
302,216,487,618,2026-09-27,Completed,3,143.95,431.85,Cash
303,880,744,686,2025-11-25,Completed,2,273.2,546.4,Debit Card
304,896,552,753,2026-01-31,Pending,10,27.74,277.4,Debit Card
305,619,314,323,2026-05-08,Completed,2,66.98,133.96,Credit Card
306,526,239,38,2025-04-02,Cancelled,4,37.82,151.28,PayPal
307,728,209,852,2026-07-25,Shipped,3,16.22,48.66,Debit Card
308,950,116,662,2026-07-17,Completed,1,43.49,43.49,Credit Card
309,967,888,528,2025-02-20,Shipped,4,16.76,67.04,Debit Card
310,18,118,47,2025-01-31,Completed,1,20.56,20.56,Debit Card
311,572,125,12,2026-07-15,Completed,5,63.48,317.4,Credit Card
312,804,567,297,2025-11-23,Shipped,1,57.33,57.33,Debit Card
313,736,802,770,2026-07-18,Shipped,3,46.65,139.95,Credit Card
314,619,4,204,2025-01-18,Completed,1,35.45,35.45,Cash
315,4,21,925,2025-02-17,Completed,1,24.71,24.71,PayPal
316,433,889,89,2025-04-03,Shipped,1,21.47,21.47,PayPal
317,289,409,629,2026-08-29,Completed,1,24.35,24.35,Debit Card
318,323,441,430,2026-07-16,Completed,1,129.35,129.35,Debit Card
319,409,622,471,2025-01-16,Completed,2,33.08,66.16,Debit Card
320,415,699,677,2026-05-12,Pending,4,32.17,128.68,Credit Card
321,423,584,466,2026-01-22,Completed,1,8.13,8.13,Debit Card
322,802,647,535,2026-08-15,Completed,1,7.48,7.48,PayPal
323,404,967,919,2026-08-09,Completed,10,29.18,291.8,Credit Card
324,564,121,472,2026-05-14,Completed,1,44.96,44.96,Cash
325,142,77,99,2026-07-09,Shipped,2,22.34,44.68,Gift Card
326,833,142,447,2025-09-30,Completed,1,44.21,44.21,Credit Card
327,343,108,844,2026-07-21,Completed,2,3.04,6.08,Credit Card
328,320,866,592,2025-05-25,Completed,1,42.06,42.06,PayPal
329,153,948,722,2025-12-17,Completed,3,10.0,30.0,PayPal
330,567,182,516,2025-06-16,Cancelled,4,2.87,11.48,Debit Card
331,907,837,530,2025-07-07,Completed,3,44.98,134.94,Credit Card
332,804,957,556,2026-01-18,Completed,1,22.63,22.63,Credit Card
333,966,999,2,2026-09-18,Completed,2,7.26,14.52,Debit Card
334,836,766,902,2025-02-14,Shipped,2,17.4,34.8,Credit Card
335,813,45,34,2026-04-19,Completed,1,45.14,45.14,Debit Card
336,880,850,670,2025-03-30,Cancelled,1,21.42,21.42,Debit Card
337,450,145,817,2026-08-05,Completed,1,6.05,6.05,Debit Card
338,567,264,286,2026-04-29,Pending,4,23.6,94.4,Debit Card
339,983,219,924,2025-03-14,Completed,2,15.45,30.9,Credit Card
340,955,188,71,2026-04-25,Cancelled,2,32.96,65.92,Credit Card
341,810,903,844,2025-09-05,Completed,3,22.66,67.98,PayPal
342,238,40,764,2026-03-16,Completed,1,13.66,13.66,Debit Card
343,259,991,182,2025-11-22,Pending,10,27.39,273.9,Credit Card
344,930,142,554,2025-02-18,Completed,2,60.83,121.66,Credit Card
345,950,635,344,2025-12-27,Completed,1,10.33,10.33,PayPal
346,212,554,960,2025-12-08,Cancelled,1,81.26,81.26,Credit Card
347,17,615,105,2025-08-28,Completed,2,69.96,139.92,Credit Card
348,303,704,20,2025-05-26,Completed,2,18.44,36.88,Credit Card
349,699,650,25,2026-02-20,Shipped,1,37.02,37.02,Credit Card
350,785,1,915,2025-03-26,Shipped,2,13.53,27.06,Credit Card
351,804,61,11,2025-06-11,Cancelled,3,54.93,164.79,Cash
352,52,737,953,2025-07-07,Cancelled,1,13.74,13.74,Credit Card
353,703,633,348,2025-02-02,Completed,2,11.02,22.04,Credit Card
354,103,475,610,2026-07-18,Completed,3,164.41,493.23,Credit Card
355,691,10,403,2025-10-22,Returned,1,39.2,39.2,Debit Card
356,792,130,961,2025-02-02,Cancelled,3,13.14,39.42,Debit Card
357,251,308,642,2026-09-21,Cancelled,10,19.7,197.0,PayPal
358,345,559,368,2025-12-21,Shipped,4,32.91,131.64,Credit Card
359,76,35,61,2026-02-22,Returned,1,9.79,9.79,Debit Card
360,794,931,845,2026-07-15,Completed,1,150.1,150.1,Debit Card
361,489,912,980,2025-08-12,Shipped,1,36.78,36.78,Debit Card
362,306,470,387,2025-06-10,Completed,2,9.18,18.36,Credit Card
363,377,389,321,2025-09-19,Completed,4,12.88,51.52,Credit Card
364,405,809,227,2025-11-12,Completed,2,37.59,75.18,Credit Card
365,191,860,694,2025-02-17,Completed,2,168.17,336.34,Credit Card
366,554,15,156,2025-04-30,Completed,2,23.15,46.3,Credit Card
367,917,898,577,2026-07-24,Pending,2,63.39,126.78,Debit Card
368,212,608,790,2026-03-10,Completed,4,6.74,26.96,Credit Card
369,192,9,906,2025-05-25,Completed,1,45.08,45.08,Credit Card
370,334,611,130,2025-01-02,Cancelled,2,25.75,51.5,Credit Card
371,863,186,194,2026-03-18,Shipped,1,52.08,52.08,Credit Card
372,623,933,538,2025-05-08,Completed,3,13.5,40.5,PayPal
373,703,549,381,2025-12-07,Completed,1,10.54,10.54,Credit Card
374,50,172,721,2025-04-07,Completed,2,4.35,8.7,Debit Card
375,769,548,784,2026-09-11,Cancelled,10,20.33,203.3,Credit Card
376,624,921,177,2026-06-06,Completed,5,27.88,139.4,PayPal
377,534,2,56,2025-07-01,Completed,2,48.58,97.16,Debit Card
378,769,286,671,2025-08-05,Shipped,5,12.4,62.0,PayPal
379,766,369,592,2026-09-09,Shipped,1,2.67,2.67,Cash
380,754,735,450,2026-05-25,Completed,2,17.39,34.78,PayPal
381,106,796,778,2025-05-14,Completed,1,37.04,37.04,Debit Card
382,417,845,59,2025-12-19,Shipped,1,7.33,7.33,Debit Card
383,451,99,626,2026-07-05,Completed,2,3.52,7.04,Cash
384,668,905,833,2025-03-17,Completed,1,34.15,34.15,Credit Card
385,882,224,123,2025-01-30,Completed,5,346.06,1730.3,Gift Card
386,841,155,582,2025-03-25,Pending,1,35.55,35.55,Credit Card
387,663,907,378,2026-03-04,Pending,1,9.72,9.72,PayPal
388,134,404,953,2025-06-06,Completed,4,11.91,47.64,Debit Card
389,995,803,261,2025-11-04,Shipped,1,44.88,44.88,Debit Card
390,547,231,582,2026-03-03,Completed,2,32.36,64.72,Credit Card
391,172,138,445,2025-05-01,Completed,2,14.7,29.4,PayPal
392,44,329,273,2025-06-04,Completed,2,105.53,211.06,Debit Card
393,420,974,704,2026-09-25,Completed,2,13.42,26.84,Debit Card
394,446,87,674,2026-09-08,Completed,1,6.39,6.39,Credit Card
395,38,989,986,2025-10-16,Returned,1,17.94,17.94,PayPal
396,947,252,267,2025-07-27,Returned,2,21.26,42.52,Credit Card
397,80,383,737,2025-10-01,Completed,1,28.99,28.99,Debit Card
398,939,816,465,2026-02-16,Completed,2,43.82,87.64,PayPal
399,275,991,246,2026-03-24,Completed,3,20.45,61.35,Debit Card
400,403,392,986,2025-03-07,Completed,1,110.33,110.33,PayPal
401,104,931,9,2026-08-10,Completed,1,18.46,18.46,Gift Card
402,963,779,409,2026-09-03,Completed,1,11.47,11.47,Cash
403,728,874,945,2025-09-03,Completed,1,48.3,48.3,PayPal
404,192,956,834,2025-10-20,Completed,1,16.08,16.08,Cash
405,516,317,219,2025-02-27,Completed,2,18.18,36.36,Debit Card
406,469,963,544,2025-12-31,Cancelled,1,36.28,36.28,Credit Card
407,993,571,288,2025-11-22,Completed,3,11.32,33.96,Credit Card
408,287,274,865,2026-05-26,Completed,3,27.49,82.47,Debit Card
409,168,350,897,2025-06-01,Completed,4,42.36,169.44,Debit Card
410,911,200,480,2025-01-04,Completed,1,41.3,41.3,PayPal
411,48,157,834,2026-03-26,Cancelled,5,35.73,178.65,Credit Card
412,377,38,26,2025-06-05,Completed,1,141.28,141.28,Cash
413,68,969,200,2025-05-03,Completed,1,13.03,13.03,Debit Card
414,615,643,711,2025-03-30,Completed,2,58.36,116.72,Credit Card
415,482,158,531,2026-02-05,Completed,1,35.13,35.13,Cash
416,191,253,353,2025-05-11,Shipped,2,38.45,76.9,PayPal
417,461,835,454,2025-08-21,Shipped,2,5.68,11.36,Credit Card
418,383,708,711,2025-08-16,Pending,1,3.73,3.73,Credit Card
419,1,407,94,2025-02-20,Completed,1,21.91,21.91,Debit Card
420,731,518,827,2025-06-12,Pending,2,42.5,85.0,Credit Card
421,880,92,987,2026-05-20,Shipped,2,33.85,67.7,Gift Card
422,233,413,490,2025-07-25,Completed,3,28.88,86.64,Cash
423,474,18,650,2025-04-19,Shipped,10,5.4,54.0,Credit Card
424,355,158,735,2026-10-01,Cancelled,2,66.77,133.54,Credit Card
425,415,381,672,2025-02-20,Cancelled,1,75.27,75.27,Credit Card
426,810,876,664,2025-04-28,Completed,3,52.58,157.74,Credit Card
427,504,573,973,2025-11-09,Pending,1,36.63,36.63,Cash
428,880,521,804,2025-10-21,Shipped,4,7.26,29.04,Credit Card
429,485,284,810,2026-05-03,Completed,2,21.59,43.18,Credit Card
430,792,439,738,2025-10-02,Completed,5,38.36,191.8,Debit Card
431,351,687,94,2026-08-14,Shipped,1,13.09,13.09,Debit Card
432,160,62,489,2025-01-01,Pending,2,26.48,52.96,Credit Card
433,618,678,92,2025-06-03,Completed,2,26.95,53.9,PayPal
434,134,474,545,2026-08-04,Shipped,3,117.6,352.8,Debit Card
435,415,915,496,2025-08-25,Completed,2,9.79,19.58,Debit Card
436,136,472,983,2025-12-14,Shipped,1,14.23,14.23,PayPal
437,414,653,959,2025-08-01,Returned,2,23.49,46.98,Cash
438,716,646,789,2026-01-27,Completed,2,9.72,19.44,Credit Card
439,689,239,128,2025-05-29,Completed,3,31.86,95.58,Credit Card
440,892,290,577,2026-04-13,Pending,3,26.3,78.9,Credit Card
441,171,406,314,2025-11-13,Completed,1,21.17,21.17,Cash
442,59,907,964,2025-04-02,Completed,2,143.58,287.16,Credit Card
443,437,362,323,2025-08-14,Completed,2,9.21,18.42,Credit Card
444,999,476,452,2025-03-22,Completed,1,23.96,23.96,Debit Card
445,141,51,712,2026-01-15,Completed,2,21.28,42.56,Cash
446,377,691,212,2026-03-13,Completed,1,29.2,29.2,PayPal
447,629,861,584,2025-12-10,Completed,1,33.93,33.93,Credit Card
448,461,269,896,2025-10-27,Shipped,1,17.94,17.94,Credit Card
449,636,584,951,2026-09-10,Completed,3,20.0,60.0,Cash
450,839,292,232,2026-08-12,Cancelled,5,12.35,61.75,PayPal
451,770,176,150,2025-08-18,Completed,3,126.3,378.9,Credit Card
452,307,590,686,2026-06-30,Shipped,3,40.15,120.45,PayPal
453,279,178,118,2026-05-06,Pending,1,25.04,25.04,Debit Card
454,768,423,380,2025-12-11,Completed,1,9.91,9.91,Debit Card
455,129,391,952,2025-03-07,Completed,1,49.56,49.56,Debit Card
456,938,140,798,2025-04-28,Completed,1,44.95,44.95,PayPal
457,255,195,339,2026-08-20,Completed,4,29.89,119.56,Cash
458,153,945,588,2026-09-17,Completed,2,16.55,33.1,Credit Card
459,566,398,227,2025-03-28,Completed,1,16.6,16.6,PayPal
460,171,849,418,2025-06-11,Cancelled,4,19.26,77.04,Cash
461,806,417,213,2025-04-21,Completed,1,25.25,25.25,Credit Card
462,306,674,406,2026-07-08,Pending,1,75.11,75.11,Credit Card
463,973,772,597,2025-02-21,Completed,2,30.93,61.86,Gift Card
464,605,477,270,2025-07-12,Returned,10,24.07,240.7,Credit Card
465,60,376,970,2025-02-18,Completed,1,34.48,34.48,Gift Card
466,288,345,748,2025-06-13,Completed,1,18.13,18.13,Credit Card
467,639,111,221,2025-07-29,Cancelled,3,15.7,47.1,Credit Card
468,9,126,687,2026-03-15,Pending,1,19.99,19.99,Credit Card
469,449,625,356,2025-11-19,Completed,4,10.57,42.28,Cash
470,794,596,570,2025-09-22,Pending,1,15.13,15.13,Credit Card
471,279,70,970,2026-08-19,Pending,3,13.1,39.3,Cash
472,17,54,903,2026-01-18,Completed,1,35.03,35.03,Gift Card
473,939,748,795,2025-04-15,Pending,4,44.07,176.28,Debit Card
474,508,806,853,2026-09-08,Cancelled,1,18.77,18.77,Credit Card
475,113,943,452,2025-06-07,Pending,1,30.67,30.67,Debit Card
476,592,599,801,2025-12-18,Completed,4,53.9,215.6,Cash
477,334,254,498,2025-09-13,Shipped,5,38.93,194.65,Debit Card
478,79,242,714,2025-12-21,Returned,3,24.08,72.24,Debit Card
479,761,921,76,2026-04-11,Cancelled,2,228.77,457.54,PayPal
480,406,155,361,2025-04-17,Completed,1,34.09,34.09,Debit Card
481,588,783,113,2026-05-21,Completed,1,3.06,3.06,Credit Card
482,969,466,187,2025-06-17,Completed,1,17.6,17.6,PayPal
483,181,831,267,2026-08-29,Cancelled,1,21.14,21.14,Credit Card
484,931,837,201,2025-07-27,Returned,1,77.68,77.68,Credit Card
485,447,614,595,2025-12-05,Completed,1,68.94,68.94,Debit Card
486,11,520,701,2025-12-24,Completed,4,34.85,139.4,Cash
487,665,187,407,2026-03-14,Shipped,1,8.87,8.87,Credit Card
488,613,464,944,2026-05-25,Completed,3,23.08,69.24,Cash
489,952,146,829,2026-09-12,Completed,2,20.04,40.08,Cash
490,618,947,886,2026-02-25,Completed,1,19.76,19.76,Credit Card
491,426,251,475,2025-06-07,Shipped,2,31.37,62.74,Credit Card
492,304,266,639,2026-06-11,Completed,2,21.03,42.06,Cash
493,184,779,872,2025-02-11,Completed,1,5.69,5.69,Debit Card
494,230,304,524,2025-04-26,Shipped,3,50.23,150.69,Debit Card
495,557,916,9,2025-04-17,Pending,1,27.08,27.08,Credit Card
496,825,690,1,2025-02-13,Pending,2,223.14,446.28,Credit Card
497,938,251,852,2025-11-18,Completed,5,22.95,114.75,Cash
498,654,319,794,2025-05-02,Completed,1,75.07,75.07,Cash
499,461,447,829,2025-05-29,Completed,1,46.15,46.15,Credit Card
500,310,545,223,2025-04-26,Completed,1,12.65,12.65,Debit Card
501,76,483,884,2026-09-22,Completed,3,36.93,110.79,Gift Card
502,25,540,99,2025-06-14,Completed,2,39.06,78.12,Credit Card
503,21,22,756,2025-06-22,Shipped,1,66.1,66.1,Credit Card
504,547,406,194,2025-04-09,Completed,3,28.98,86.94,Debit Card
505,104,364,567,2025-06-15,Cancelled,1,29.04,29.04,Gift Card
506,676,462,408,2026-07-01,Shipped,3,40.1,120.3,Credit Card
507,472,570,911,2025-07-31,Cancelled,5,49.25,246.25,Debit Card
508,690,86,518,2025-12-11,Shipped,3,21.66,64.98,PayPal
509,935,408,466,2025-04-18,Completed,3,57.48,172.44,Debit Card
510,112,922,232,2026-09-16,Completed,1,27.37,27.37,Cash
511,749,755,615,2025-03-06,Completed,10,21.02,210.2,Credit Card
512,754,667,45,2026-03-09,Shipped,5,26.06,130.3,Cash
513,172,103,877,2025-09-30,Completed,1,88.71,88.71,Credit Card
514,383,516,712,2025-04-24,Completed,1,21.55,21.55,Debit Card
515,537,677,510,2025-07-02,Shipped,2,29.38,58.76,Credit Card
516,750,977,842,2026-02-13,Completed,1,21.38,21.38,Cash
517,363,210,316,2026-09-24,Completed,2,11.9,23.8,Debit Card
518,352,644,652,2025-01-10,Pending,1,41.56,41.56,Cash
519,594,422,434,2026-08-28,Returned,4,23.46,93.84,Credit Card
520,588,567,801,2026-09-02,Completed,2,25.82,51.64,Cash
521,38,416,283,2025-03-19,Returned,1,39.52,39.52,Credit Card
522,517,296,860,2026-04-15,Completed,4,10.09,40.36,Debit Card
523,959,390,300,2026-08-22,Completed,2,43.55,87.1,Credit Card
524,307,897,11,2025-12-01,Returned,1,73.08,73.08,Credit Card
525,33,407,410,2025-10-24,Completed,1,10.87,10.87,PayPal
526,516,533,107,2025-08-15,Completed,1,28.89,28.89,PayPal
527,978,313,683,2026-07-08,Completed,4,50.58,202.32,Debit Card
528,269,356,426,2025-08-31,Completed,4,39.4,157.6,PayPal
529,993,779,696,2026-02-17,Completed,5,65.45,327.25,PayPal
530,365,572,268,2026-08-02,Completed,2,20.56,41.12,Debit Card
531,966,492,936,2025-01-20,Shipped,1,32.84,32.84,Debit Card
532,794,705,126,2025-02-18,Completed,3,14.19,42.57,PayPal
533,9,496,281,2025-12-18,Returned,1,31.08,31.08,Debit Card
534,839,130,120,2025-11-28,Cancelled,5,12.32,61.6,Debit Card
535,538,813,31,2025-09-22,Completed,1,36.13,36.13,Debit Card
536,988,229,616,2026-03-24,Completed,1,50.61,50.61,Credit Card
537,238,84,993,2025-05-21,Completed,2,16.39,32.78,Cash
538,79,4,759,2025-09-13,Completed,3,92.67,278.01,Cash
539,953,147,649,2026-04-20,Completed,4,5.3,21.2,Debit Card
540,794,329,730,2025-11-25,Completed,2,15.92,31.84,Credit Card
541,139,880,321,2025-04-14,Completed,1,46.77,46.77,PayPal
542,993,939,54,2026-06-26,Cancelled,2,25.16,50.32,Credit Card
543,804,236,784,2026-01-10,Shipped,1,24.87,24.87,Credit Card
544,542,303,115,2026-04-18,Completed,4,236.68,946.72,Debit Card
545,585,618,209,2025-02-07,Completed,2,3.13,6.26,Debit Card
546,378,895,807,2025-03-12,Shipped,1,29.1,29.1,Credit Card
547,941,911,180,2026-07-25,Completed,2,28.11,56.22,Cash
548,414,189,324,2025-03-06,Completed,1,13.98,13.98,Credit Card
549,419,826,804,2026-06-09,Completed,1,49.76,49.76,Debit Card
550,365,891,391,2026-05-24,Completed,1,26.0,26.0,Debit Card
551,956,67,318,2025-08-18,Completed,1,76.07,76.07,Credit Card
552,911,269,995,2025-12-16,Completed,1,11.88,11.88,Debit Card
553,938,568,349,2026-05-07,Completed,2,8.69,17.38,Credit Card
554,853,722,88,2026-07-08,Completed,5,38.2,191.0,Cash
555,513,961,527,2026-06-14,Completed,1,18.37,18.37,Cash
556,687,175,575,2026-01-15,Pending,2,24.73,49.46,PayPal
557,233,531,760,2025-04-24,Pending,2,40.42,80.84,Credit Card
558,542,677,919,2026-10-01,Pending,3,24.27,72.81,Gift Card
559,988,921,84,2026-04-19,Completed,1,78.42,78.42,Credit Card
560,59,102,809,2025-09-30,Pending,5,16.69,83.45,Credit Card
561,618,85,187,2025-08-11,Shipped,2,19.82,39.64,Credit Card
562,134,592,252,2026-09-17,Returned,1,33.86,33.86,Debit Card
563,526,633,673,2026-08-10,Shipped,5,145.64,728.2,Credit Card
564,555,883,436,2026-03-10,Completed,2,22.01,44.02,Credit Card
565,92,552,769,2025-01-22,Shipped,2,63.01,126.02,Debit Card
566,788,405,21,2025-05-05,Completed,4,20.38,81.52,Credit Card
567,146,588,486,2025-11-11,Completed,1,47.53,47.53,PayPal
568,252,817,104,2026-05-30,Shipped,3,34.67,104.01,Credit Card
569,917,72,928,2025-12-18,Cancelled,1,39.3,39.3,Cash
570,798,81,223,2025-12-24,Completed,1,5.58,5.58,Debit Card
571,474,330,999,2026-03-17,Completed,1,9.82,9.82,Debit Card
572,810,841,385,2025-09-03,Completed,1,119.72,119.72,Debit Card
573,296,696,629,2025-02-13,Shipped,1,16.87,16.87,Gift Card
574,483,558,609,2026-03-08,Returned,2,18.02,36.04,Cash
575,624,387,827,2025-09-19,Completed,5,15.06,75.3,Gift Card
576,79,650,914,2025-07-29,Completed,1,9.75,9.75,PayPal
577,307,139,503,2025-08-08,Completed,1,45.27,45.27,Credit Card
578,140,278,465,2025-04-29,Completed,1,17.49,17.49,Debit Card
579,567,46,429,2026-05-23,Completed,5,34.58,172.9,Cash
580,676,4,584,2025-06-27,Completed,4,47.69,190.76,Debit Card
581,962,328,773,2025-12-26,Completed,2,24.88,49.76,Cash
582,786,867,503,2025-05-07,Completed,1,50.63,50.63,PayPal
583,140,860,853,2025-10-05,Pending,3,139.08,417.24,Cash
584,139,923,67,2026-06-04,Completed,5,45.53,227.65,Debit Card
585,475,220,415,2025-10-18,Pending,1,28.83,28.83,Debit Card
586,97,653,895,2026-03-06,Returned,1,17.73,17.73,Credit Card
587,917,36,742,2025-12-31,Completed,1,18.16,18.16,Credit Card
588,833,279,103,2026-08-02,Completed,1,136.15,136.15,Credit Card
589,246,495,732,2026-09-23,Completed,4,33.42,133.68,PayPal
590,148,602,748,2026-07-26,Completed,3,30.36,91.08,Cash
591,887,383,81,2026-05-23,Pending,5,23.18,115.9,Cash
592,880,220,177,2026-03-06,Completed,1,122.85,122.85,Debit Card
593,37,705,391,2025-08-09,Completed,1,20.42,20.42,Credit Card
594,502,243,401,2026-03-01,Shipped,2,48.83,97.66,Credit Card
595,773,477,488,2026-09-12,Completed,5,30.44,152.2,Credit Card
596,917,631,473,2025-04-02,Completed,1,8.1,8.1,Cash
597,176,390,580,2025-02-12,Shipped,1,8.44,8.44,Debit Card
598,731,945,727,2025-10-14,Shipped,2,51.91,103.82,Cash
599,114,417,56,2025-05-29,Pending,2,24.79,49.58,Cash
600,434,16,148,2025-12-17,Completed,1,6.77,6.77,PayPal
601,671,313,760,2026-04-02,Pending,1,57.92,57.92,Debit Card
602,323,641,362,2025-11-20,Completed,1,40.98,40.98,PayPal
603,587,571,25,2025-05-18,Completed,2,33.16,66.32,Credit Card
604,599,114,328,2026-07-04,Completed,2,7.59,15.18,Gift Card
605,295,293,751,2026-09-14,Pending,2,15.8,31.6,PayPal
606,825,475,389,2025-03-02,Cancelled,1,35.67,35.67,Debit Card
607,896,841,674,2026-07-25,Returned,1,27.66,27.66,PayPal
608,191,88,448,2025-11-04,Completed,2,39.63,79.26,Debit Card
609,783,986,748,2026-10-01,Completed,2,79.27,158.54,Credit Card
610,951,460,968,2025-02-10,Completed,1,15.44,15.44,Credit Card
611,258,732,877,2025-01-10,Completed,1,18.52,18.52,PayPal
612,877,732,413,2026-04-10,Completed,2,16.66,33.32,Credit Card
613,768,93,125,2025-09-16,Completed,2,63.56,127.12,Cash
614,804,841,241,2025-05-23,Shipped,1,68.9,68.9,Credit Card
615,306,471,758,2026-09-25,Completed,2,114.96,229.92,Credit Card
616,345,265,398,2025-09-08,Completed,1,30.74,30.74,Credit Card
617,619,122,912,2025-04-10,Shipped,2,37.97,75.94,Credit Card
618,984,711,266,2025-12-04,Completed,2,40.59,81.18,Cash
619,317,71,372,2025-07-28,Completed,1,94.46,94.46,Credit Card
620,938,612,257,2025-10-18,Completed,1,18.12,18.12,Cash
621,443,564,142,2025-10-01,Cancelled,1,37.63,37.63,Cash
622,724,228,526,2026-04-03,Completed,3,15.59,46.77,Cash
623,153,355,513,2025-03-13,Completed,10,23.23,232.3,Cash
624,479,198,422,2025-11-16,Completed,1,129.18,129.18,PayPal
625,896,97,791,2026-07-28,Returned,1,19.39,19.39,Debit Card
626,512,181,806,2026-10-01,Returned,1,24.05,24.05,Credit Card
627,810,63,476,2026-09-09,Completed,4,8.12,32.48,Credit Card
628,892,147,470,2025-03-30,Completed,1,13.82,13.82,Cash
629,180,948,643,2026-03-14,Completed,1,97.82,97.82,Credit Card
630,176,333,230,2025-09-22,Completed,5,48.04,240.2,Cash
631,313,650,308,2026-01-28,Pending,2,23.51,47.02,Credit Card
632,341,818,641,2025-07-29,Returned,1,14.08,14.08,Credit Card
633,266,503,420,2026-07-02,Completed,1,31.14,31.14,PayPal
634,768,188,404,2026-04-09,Returned,2,104.43,208.86,Debit Card
635,721,79,980,2026-09-29,Cancelled,3,53.24,159.72,PayPal
636,516,639,301,2026-04-30,Completed,1,52.95,52.95,Credit Card
637,238,999,956,2025-04-22,Pending,2,22.26,44.52,Credit Card
638,404,279,832,2025-08-03,Completed,10,12.83,128.3,Credit Card
639,381,155,89,2025-12-11,Pending,3,94.25,282.75,Debit Card
640,477,805,177,2025-01-18,Returned,3,14.57,43.71,Cash
641,22,793,201,2026-07-14,Completed,2,49.6,99.2,Debit Card
642,153,346,694,2026-08-24,Pending,4,23.56,94.24,Debit Card
643,826,601,821,2026-03-06,Completed,1,7.88,7.88,PayPal
644,955,286,85,2025-07-10,Completed,1,12.74,12.74,Credit Card
645,53,5,844,2025-09-03,Completed,1,55.1,55.1,Credit Card
646,894,564,848,2026-08-30,Shipped,2,9.87,19.74,PayPal
647,802,769,707,2026-05-24,Shipped,3,47.76,143.28,Debit Card
648,840,963,364,2026-09-24,Returned,2,50.62,101.24,PayPal
649,265,652,478,2026-06-21,Completed,1,100.88,100.88,Credit Card
650,562,346,543,2025-06-19,Shipped,1,70.38,70.38,Credit Card
651,572,763,4,2026-04-28,Completed,2,67.08,134.16,Debit Card
652,733,437,29,2026-07-20,Shipped,1,10.9,10.9,Credit Card
653,1000,611,901,2026-08-26,Shipped,4,14.33,57.32,Credit Card
654,955,233,42,2026-04-04,Cancelled,1,14.48,14.48,Debit Card
655,301,804,361,2026-04-22,Cancelled,1,53.41,53.41,Debit Card
656,840,787,139,2025-08-07,Cancelled,1,50.75,50.75,PayPal
657,482,565,361,2026-04-12,Completed,1,49.13,49.13,Cash
658,819,707,122,2025-09-09,Completed,2,19.11,38.22,PayPal
659,714,330,57,2025-04-29,Pending,3,49.59,148.77,PayPal
660,398,203,373,2025-02-17,Returned,1,26.38,26.38,PayPal
661,786,217,720,2025-04-26,Shipped,1,46.46,46.46,PayPal
662,513,25,11,2025-11-05,Cancelled,2,20.0,40.0,Cash
663,829,737,374,2026-07-18,Returned,1,67.14,67.14,Cash
664,252,338,239,2025-11-14,Completed,1,100.39,100.39,Credit Card
665,562,266,788,2025-06-09,Completed,4,14.69,58.76,Gift Card
666,140,566,346,2025-11-25,Shipped,4,10.15,40.6,PayPal
667,516,240,607,2026-01-17,Pending,3,20.91,62.73,Debit Card
668,995,752,393,2025-01-20,Completed,1,31.85,31.85,Cash
669,477,792,474,2026-04-25,Completed,4,21.15,84.6,Credit Card
670,892,126,371,2026-01-29,Pending,2,8.13,16.26,Cash
671,794,222,101,2026-05-14,Completed,3,24.7,74.1,PayPal
672,955,861,309,2026-05-31,Pending,1,17.41,17.41,Cash
673,393,790,770,2026-02-08,Shipped,1,30.84,30.84,Debit Card
674,694,47,460,2026-03-03,Completed,1,27.99,27.99,Credit Card
675,180,966,347,2025-08-02,Shipped,2,145.66,291.32,PayPal
676,957,915,542,2026-03-18,Shipped,2,21.7,43.4,Gift Card
677,417,530,941,2026-06-20,Returned,4,100.91,403.64,Debit Card
678,69,266,7,2025-12-22,Pending,2,152.56,305.12,Cash
679,619,761,86,2025-12-02,Completed,3,24.94,74.82,Debit Card
680,796,330,422,2026-04-07,Completed,1,7.92,7.92,Debit Card
681,564,447,871,2025-03-20,Completed,2,20.16,40.32,PayPal
682,770,881,413,2025-05-14,Completed,1,67.04,67.04,Credit Card
683,104,109,780,2025-03-18,Pending,1,39.65,39.65,Gift Card
684,502,434,169,2025-02-28,Pending,1,9.73,9.73,Credit Card
685,381,591,567,2025-08-27,Completed,1,13.32,13.32,Credit Card
686,140,921,185,2026-02-28,Returned,5,45.49,227.45,PayPal
687,15,849,80,2025-03-04,Completed,1,37.91,37.91,Credit Card
688,564,947,199,2026-04-02,Cancelled,4,42.82,171.28,Credit Card
689,146,190,424,2026-04-15,Completed,5,18.96,94.8,PayPal
690,741,577,286,2026-03-31,Completed,4,66.06,264.24,Credit Card
691,988,775,952,2025-11-29,Completed,1,37.84,37.84,Credit Card
692,877,716,619,2025-08-13,Shipped,2,72.93,145.86,Credit Card
693,618,90,164,2026-08-10,Completed,10,26.57,265.7,Credit Card
694,171,61,129,2026-03-17,Shipped,1,209.36,209.36,Debit Card
695,844,312,365,2025-07-30,Completed,1,82.64,82.64,Credit Card
696,601,836,3,2026-03-05,Shipped,1,64.86,64.86,PayPal
697,867,682,733,2025-04-16,Completed,4,10.0,40.0,Gift Card
698,320,34,287,2025-09-23,Completed,1,53.97,53.97,PayPal
699,792,212,178,2025-01-07,Returned,4,20.96,83.84,Credit Card
700,201,337,816,2025-02-04,Completed,3,15.38,46.14,Debit Card
701,130,639,199,2025-09-09,Completed,3,6.94,20.82,Credit Card
702,404,832,551,2025-01-28,Completed,5,31.36,156.8,Cash
703,654,166,901,2026-08-17,Completed,1,17.57,17.57,Cash
704,403,138,975,2025-02-27,Completed,1,98.38,98.38,Credit Card
705,547,285,164,2025-03-09,Cancelled,1,23.71,23.71,Credit Card
706,785,351,638,2025-04-11,Completed,2,68.47,136.94,Credit Card
707,998,411,132,2026-03-10,Cancelled,1,26.24,26.24,Credit Card
708,810,393,106,2025-05-26,Shipped,4,36.44,145.76,PayPal
709,502,901,546,2025-10-03,Completed,3,39.47,118.41,Credit Card
710,79,326,97,2025-10-05,Completed,3,58.3,174.9,Cash
711,446,940,606,2026-04-18,Shipped,1,28.3,28.3,Credit Card
712,130,261,644,2025-11-26,Shipped,1,33.54,33.54,Debit Card
713,276,556,495,2026-05-20,Completed,3,68.24,204.72,Debit Card
714,911,175,604,2026-08-27,Returned,1,16.09,16.09,Debit Card
715,499,556,682,2025-10-24,Returned,5,11.47,57.35,Credit Card
716,342,540,544,2025-07-16,Pending,2,49.99,99.98,Debit Card
717,329,415,808,2025-06-26,Completed,2,47.16,94.32,Debit Card
718,974,947,222,2025-11-23,Shipped,2,49.42,98.84,Credit Card
719,986,680,957,2026-10-01,Completed,2,5.44,10.88,Cash
720,458,258,902,2025-07-04,Shipped,1,20.16,20.16,Credit Card
721,812,12,807,2025-01-14,Completed,1,30.45,30.45,Cash
722,406,269,941,2025-12-17,Pending,1,11.77,11.77,Credit Card
723,295,238,630,2025-03-18,Completed,1,33.3,33.3,Cash
724,252,138,165,2025-11-02,Pending,1,9.22,9.22,Credit Card
725,228,39,329,2026-02-14,Completed,1,10.47,10.47,Credit Card
726,429,224,726,2026-06-23,Shipped,4,62.45,249.8,Credit Card
727,867,93,456,2026-03-12,Shipped,1,14.66,14.66,PayPal
728,211,812,633,2025-09-23,Completed,10,6.17,61.7,Credit Card
729,172,283,922,2025-10-22,Completed,5,43.99,219.95,Cash
730,564,489,974,2026-03-07,Cancelled,2,84.49,168.98,Cash
731,406,639,999,2025-02-16,Pending,1,16.73,16.73,PayPal
732,485,452,21,2025-03-30,Pending,1,17.3,17.3,Debit Card
733,194,173,294,2026-07-28,Completed,1,35.96,35.96,Credit Card
734,80,439,800,2025-12-10,Pending,3,14.55,43.65,Debit Card
735,334,549,379,2025-08-19,Completed,1,20.61,20.61,Cash
736,76,529,445,2025-09-30,Completed,1,37.05,37.05,Credit Card
737,610,907,321,2026-05-09,Shipped,1,27.16,27.16,Credit Card
738,409,17,856,2025-02-03,Completed,1,14.91,14.91,Credit Card
739,176,664,651,2026-02-25,Shipped,2,8.1,16.2,Credit Card
740,415,771,463,2025-12-26,Cancelled,1,38.12,38.12,Credit Card
741,555,923,988,2025-03-10,Completed,1,4.73,4.73,Credit Card
742,532,35,961,2025-03-03,Completed,1,28.83,28.83,Debit Card
743,591,666,862,2026-07-30,Completed,4,12.8,51.2,Credit Card
744,44,38,234,2025-09-11,Completed,3,23.38,70.14,PayPal
745,252,682,217,2025-01-23,Pending,1,18.17,18.17,Debit Card
746,927,879,487,2026-08-12,Shipped,1,12.98,12.98,Cash
747,790,337,224,2026-05-30,Shipped,2,27.73,55.46,Cash
748,48,210,312,2025-06-23,Shipped,1,60.79,60.79,Cash
749,516,865,687,2025-11-06,Completed,3,94.11,282.33,Credit Card
750,896,784,717,2025-03-21,Completed,1,43.05,43.05,Debit Card
751,31,167,592,2025-01-16,Completed,1,49.54,49.54,PayPal
752,104,690,581,2026-07-04,Cancelled,3,28.0,84.0,Debit Card
753,387,93,469,2025-01-07,Completed,3,44.17,132.51,Gift Card
754,176,212,736,2026-08-29,Completed,1,31.26,31.26,PayPal
755,802,704,656,2026-09-08,Shipped,2,15.87,31.74,Credit Card
756,212,390,614,2025-07-03,Completed,2,24.17,48.34,Credit Card
757,978,167,982,2025-10-06,Completed,1,11.66,11.66,PayPal
758,285,151,802,2025-03-19,Completed,2,18.74,37.48,Debit Card
759,897,228,695,2025-04-27,Completed,4,63.72,254.88,Debit Card
760,426,791,595,2025-05-26,Cancelled,3,35.74,107.22,Cash
761,153,488,56,2026-09-06,Returned,1,25.19,25.19,Debit Card
762,502,553,33,2026-06-15,Shipped,4,11.76,47.04,PayPal
763,466,969,425,2026-07-18,Completed,1,15.25,15.25,PayPal
764,59,594,990,2025-12-14,Returned,4,10.14,40.56,Credit Card
765,647,434,960,2026-08-30,Shipped,1,7.64,7.64,Cash
766,395,402,136,2025-01-16,Completed,4,11.54,46.16,Debit Card
767,246,824,180,2026-03-08,Completed,2,23.0,46.0,PayPal
768,785,667,189,2025-09-17,Completed,1,53.12,53.12,Debit Card
769,497,953,674,2025-05-27,Completed,4,161.49,645.96,Cash
770,773,160,980,2025-08-17,Completed,2,184.65,369.3,Credit Card
771,785,722,61,2025-09-13,Completed,2,13.34,26.68,Debit Card
772,434,137,865,2025-11-12,Completed,5,17.23,86.15,Credit Card
773,436,835,451,2026-01-12,Pending,1,86.59,86.59,Credit Card
774,252,899,921,2026-06-07,Completed,4,50.23,200.92,Credit Card
775,584,284,962,2026-02-14,Completed,2,26.99,53.98,PayPal
776,237,619,795,2026-10-01,Returned,1,11.66,11.66,Debit Card
777,434,992,934,2025-06-28,Completed,1,6.56,6.56,Credit Card
778,307,394,427,2026-02-12,Completed,2,29.97,59.94,Debit Card
779,598,625,605,2026-09-08,Shipped,1,14.14,14.14,Credit Card
780,618,329,770,2026-07-21,Shipped,3,41.56,124.68,PayPal
781,858,382,939,2026-03-21,Completed,2,26.68,53.36,Credit Card
782,792,541,764,2025-07-14,Returned,1,13.55,13.55,Debit Card
783,974,675,716,2026-04-23,Cancelled,1,20.01,20.01,Credit Card
784,765,668,678,2025-08-21,Cancelled,5,66.79,333.95,PayPal
785,578,330,156,2026-10-01,Pending,1,28.6,28.6,Debit Card
786,25,393,305,2025-06-13,Shipped,2,88.74,177.48,Cash
787,304,188,240,2025-12-11,Pending,5,33.67,168.35,Credit Card
788,437,636,411,2025-05-09,Cancelled,1,107.62,107.62,Debit Card
789,796,412,547,2025-05-15,Cancelled,2,113.68,227.36,Credit Card
790,252,441,586,2025-12-08,Returned,2,3.8,7.6,Credit Card
791,938,867,7,2025-11-14,Completed,3,66.46,199.38,PayPal
792,562,634,324,2026-02-19,Completed,3,41.07,123.21,Credit Card
793,547,89,776,2026-08-13,Pending,2,20.77,41.54,Credit Card
794,406,612,740,2025-03-14,Completed,1,75.19,75.19,Debit Card
795,405,301,873,2025-11-14,Completed,1,19.31,19.31,Debit Card
796,153,768,982,2026-07-02,Completed,3,26.86,80.58,Credit Card
797,893,482,424,2025-11-26,Completed,5,150.49,752.45,Cash
798,744,275,361,2026-01-28,Completed,2,29.38,58.76,Credit Card
799,76,747,755,2025-04-08,Completed,2,11.97,23.94,Gift Card
800,259,617,683,2025-04-30,Cancelled,3,21.48,64.44,Credit Card
801,414,914,849,2025-01-13,Shipped,1,13.25,13.25,Credit Card
802,988,560,154,2025-07-02,Completed,1,53.31,53.31,Debit Card
803,603,757,749,2025-02-10,Completed,1,132.34,132.34,Credit Card
804,568,156,402,2025-11-26,Completed,1,22.99,22.99,Cash
805,728,888,209,2025-08-31,Completed,1,21.86,21.86,Debit Card
806,978,22,516,2026-06-04,Cancelled,2,25.56,51.12,Cash
807,500,495,993,2025-02-13,Completed,1,58.21,58.21,Credit Card
808,121,741,843,2026-10-01,Cancelled,2,38.25,76.5,Credit Card
809,804,400,388,2025-04-13,Completed,1,48.03,48.03,Debit Card
810,38,191,674,2025-05-03,Completed,1,12.55,12.55,Cash
811,896,19,322,2025-08-20,Completed,3,35.91,107.73,Debit Card
812,538,492,744,2025-02-28,Cancelled,5,20.91,104.55,Cash
813,141,764,76,2026-09-25,Completed,5,44.0,220.0,Cash
814,387,418,136,2026-02-22,Completed,4,26.27,105.08,Credit Card
815,385,758,548,2025-11-05,Completed,5,12.09,60.45,Credit Card
816,929,411,50,2025-12-05,Cancelled,1,14.34,14.34,Credit Card
817,166,46,133,2026-06-28,Cancelled,1,24.74,24.74,Credit Card
818,273,12,881,2025-08-10,Completed,4,40.95,163.8,Debit Card
819,61,269,348,2025-06-11,Shipped,3,22.42,67.26,Cash
820,993,879,115,2026-08-12,Shipped,2,41.47,82.94,Credit Card
821,171,884,991,2026-04-20,Completed,2,28.44,56.88,Gift Card
822,966,646,605,2025-05-21,Completed,2,17.16,34.32,Credit Card
823,307,527,93,2025-05-08,Completed,1,17.47,17.47,Debit Card
824,512,217,291,2025-10-17,Pending,2,19.66,39.32,Credit Card
825,79,506,632,2026-05-22,Completed,2,36.59,73.18,Cash
826,950,861,143,2025-11-14,Completed,10,13.95,139.5,Credit Card
827,502,944,416,2025-01-17,Completed,4,11.94,47.76,Credit Card
828,375,204,698,2025-01-05,Completed,2,9.61,19.22,Credit Card
829,974,434,56,2025-12-22,Completed,1,26.99,26.99,Debit Card
830,104,335,315,2026-03-29,Completed,1,12.52,12.52,Credit Card
831,176,832,328,2026-04-24,Completed,3,22.1,66.3,Credit Card
832,615,538,653,2026-08-13,Completed,5,5.39,26.95,Debit Card
833,308,339,398,2025-05-07,Completed,4,22.95,91.8,Credit Card
834,383,406,561,2025-01-08,Completed,2,40.3,80.6,Debit Card
835,994,486,821,2025-04-01,Completed,1,51.8,51.8,Credit Card
836,794,223,195,2025-05-28,Shipped,1,18.61,18.61,Debit Card
837,665,297,266,2025-02-10,Completed,1,51.68,51.68,Debit Card
838,192,633,881,2026-08-31,Shipped,3,74.16,222.48,Credit Card
839,950,548,889,2025-12-13,Shipped,2,39.24,78.48,Credit Card
840,276,180,529,2025-10-13,Completed,1,4.54,4.54,Credit Card
841,461,623,10,2026-05-10,Completed,1,31.4,31.4,Credit Card
842,785,937,949,2026-03-30,Completed,2,11.73,23.46,Debit Card
843,72,793,777,2026-03-19,Returned,1,17.03,17.03,Cash
844,974,962,78,2026-03-01,Cancelled,2,25.61,51.22,Debit Card
845,978,36,344,2026-09-22,Completed,1,10.09,10.09,Debit Card
846,139,305,746,2025-02-24,Completed,2,68.15,136.3,Debit Card
847,654,519,172,2026-03-15,Completed,4,23.29,93.16,Credit Card
848,153,863,41,2025-09-08,Shipped,4,24.17,96.68,Credit Card
849,952,323,610,2026-05-13,Shipped,2,15.8,31.6,Credit Card
850,780,497,767,2026-08-12,Pending,10,51.22,512.2,Cash
851,613,758,636,2025-11-19,Pending,3,27.35,82.05,Credit Card
852,998,222,131,2025-05-15,Shipped,3,52.98,158.94,PayPal
853,728,547,825,2025-03-18,Shipped,1,163.67,163.67,PayPal
854,513,5,717,2025-03-16,Completed,2,20.2,40.4,Debit Card
855,942,606,996,2026-06-28,Shipped,4,14.63,58.52,Credit Card
856,792,517,713,2026-05-19,Completed,4,20.89,83.56,Debit Card
857,242,659,560,2026-05-10,Completed,5,10.73,53.65,Cash
858,298,79,749,2025-07-24,Shipped,1,28.49,28.49,Credit Card
859,411,550,996,2025-10-05,Completed,1,60.31,60.31,Cash
860,1,816,397,2025-07-17,Cancelled,2,40.12,80.24,Debit Card
861,877,860,557,2025-03-02,Completed,2,23.02,46.04,Credit Card
862,656,923,327,2026-04-06,Shipped,1,12.03,12.03,Debit Card
863,937,336,770,2026-01-03,Cancelled,2,28.56,57.12,Credit Card
864,177,54,396,2026-06-21,Completed,1,24.65,24.65,Debit Card
865,828,366,74,2026-03-01,Completed,2,5.52,11.04,Credit Card
866,792,789,525,2026-08-26,Completed,4,53.02,212.08,PayPal
867,128,437,18,2026-06-09,Pending,1,20.58,20.58,Gift Card
868,889,904,638,2025-11-02,Pending,1,17.57,17.57,Credit Card
869,525,554,627,2026-07-02,Completed,2,72.92,145.84,PayPal
870,285,13,598,2026-03-20,Shipped,3,8.26,24.78,Gift Card
871,663,280,345,2025-06-06,Completed,4,49.36,197.44,Credit Card
872,25,44,476,2025-07-29,Completed,1,10.18,10.18,Cash
873,504,587,330,2026-05-26,Shipped,1,59.94,59.94,PayPal
874,144,780,562,2025-02-16,Completed,1,7.35,7.35,PayPal
875,259,829,878,2025-02-15,Pending,2,10.99,21.98,PayPal
876,258,288,626,2025-01-18,Completed,2,46.52,93.04,Gift Card
877,951,483,293,2026-06-30,Completed,1,73.7,73.7,Credit Card
878,296,207,4,2026-05-28,Completed,2,68.08,136.16,Cash
879,328,527,826,2025-10-11,Completed,3,28.37,85.11,Debit Card
880,150,755,659,2026-01-05,Shipped,1,84.18,84.18,Credit Card
881,287,951,529,2025-08-03,Completed,1,21.95,21.95,PayPal
882,153,673,990,2025-03-30,Completed,1,9.34,9.34,PayPal
883,906,798,151,2026-01-26,Pending,1,28.96,28.96,Gift Card
884,957,431,951,2025-06-06,Completed,2,30.93,61.86,Debit Card
885,151,594,28,2025-06-05,Cancelled,2,23.64,47.28,Credit Card
886,587,439,324,2025-10-07,Cancelled,1,110.63,110.63,Cash
887,459,478,458,2026-08-18,Completed,1,56.9,56.9,Credit Card
888,456,538,80,2026-07-12,Completed,1,19.68,19.68,Cash
889,767,67,329,2026-05-21,Completed,1,27.94,27.94,Debit Card
890,736,172,415,2026-07-18,Completed,10,71.16,711.6,Credit Card
891,44,82,155,2025-09-01,Completed,1,7.59,7.59,Cash
892,17,342,756,2025-04-01,Completed,3,39.76,119.28,Gift Card
893,76,868,672,2025-04-11,Completed,2,31.63,63.26,Credit Card
894,665,733,779,2026-09-03,Completed,4,8.75,35.0,Credit Card
895,434,148,397,2026-07-21,Completed,1,68.98,68.98,Credit Card
896,839,312,623,2026-04-11,Cancelled,2,77.23,154.46,Credit Card
897,387,883,532,2025-08-19,Returned,2,23.54,47.08,Credit Card
898,502,104,785,2025-06-24,Pending,1,26.48,26.48,Cash
899,103,865,787,2025-11-22,Completed,1,21.56,21.56,PayPal
900,794,899,757,2025-08-16,Completed,1,25.16,25.16,Cash
901,320,959,233,2025-11-27,Cancelled,1,82.92,82.92,Credit Card
902,819,957,796,2026-07-01,Completed,1,36.2,36.2,Cash
903,542,55,895,2025-05-26,Completed,4,23.97,95.88,PayPal
904,643,422,1000,2026-04-30,Completed,1,23.51,23.51,Credit Card
905,238,977,306,2025-01-23,Completed,3,13.03,39.09,Credit Card
906,481,214,890,2025-05-02,Completed,2,55.58,111.16,PayPal
907,839,151,679,2026-03-26,Completed,5,43.34,216.7,Debit Card
908,793,850,91,2025-12-06,Completed,3,37.9,113.7,PayPal
909,658,308,93,2026-01-20,Cancelled,1,47.98,47.98,Cash
910,855,444,817,2026-02-03,Completed,2,17.32,34.64,Debit Card
911,517,399,181,2025-05-06,Completed,3,139.01,417.03,Debit Card
912,22,759,955,2026-09-17,Completed,2,83.76,167.52,Credit Card
913,880,566,74,2025-10-21,Cancelled,5,39.6,198.0,Credit Card
914,308,911,60,2026-08-28,Completed,4,39.45,157.8,Debit Card
915,831,129,549,2026-02-19,Completed,1,42.39,42.39,Debit Card
916,128,394,725,2025-07-11,Completed,3,36.28,108.84,PayPal
917,694,426,424,2026-03-22,Returned,2,33.78,67.56,Credit Card
918,765,973,944,2025-02-02,Completed,1,17.62,17.62,Gift Card
919,665,558,41,2025-03-16,Cancelled,2,10.03,20.06,Credit Card
920,140,633,759,2025-01-17,Completed,2,77.39,154.78,PayPal
921,336,124,281,2025-10-28,Completed,1,6.39,6.39,Credit Card
922,377,370,445,2025-11-11,Completed,1,17.38,17.38,Gift Card
923,113,389,224,2025-03-10,Completed,2,6.68,13.36,Cash
924,794,597,777,2025-06-11,Shipped,1,34.19,34.19,Debit Card
925,176,222,950,2026-07-15,Completed,3,20.3,60.9,PayPal
926,343,700,262,2026-07-17,Completed,1,17.43,17.43,Credit Card
927,418,259,948,2026-01-05,Completed,1,17.06,17.06,Cash
928,383,153,367,2025-04-06,Completed,2,5.1,10.2,Cash
929,770,66,138,2025-01-09,Completed,2,32.46,64.92,Debit Card
930,542,199,54,2026-06-26,Pending,2,24.58,49.16,Debit Card
931,409,320,212,2026-08-20,Completed,2,26.17,52.34,Credit Card
932,951,107,968,2025-01-16,Completed,1,28.72,28.72,Debit Card
933,984,328,434,2025-11-05,Completed,1,51.28,51.28,Cash
934,417,829,739,2025-03-15,Completed,2,36.03,72.06,Credit Card
935,201,663,708,2025-12-10,Cancelled,1,23.55,23.55,Credit Card
936,172,808,158,2025-01-28,Completed,1,39.08,39.08,Debit Card
937,54,20,98,2026-02-16,Completed,1,57.68,57.68,Credit Card
938,532,39,33,2025-11-24,Completed,1,15.19,15.19,PayPal
939,810,29,98,2026-09-21,Shipped,1,22.12,22.12,PayPal
940,474,104,198,2025-08-22,Shipped,1,19.27,19.27,Credit Card
941,296,261,344,2026-02-26,Shipped,3,4.68,14.04,Credit Card
942,837,625,454,2026-03-15,Pending,2,6.6,13.2,Credit Card
943,295,748,830,2026-08-21,Returned,1,7.75,7.75,Credit Card
944,652,249,284,2026-08-10,Completed,2,98.56,197.12,Debit Card
945,744,95,343,2025-07-01,Returned,4,8.21,32.84,PayPal
946,248,919,400,2025-06-11,Completed,2,8.48,16.96,Credit Card
947,63,273,485,2026-01-14,Completed,2,23.02,46.04,Debit Card
948,993,683,239,2025-12-13,Completed,1,16.12,16.12,Debit Card
949,949,766,256,2025-06-07,Completed,1,69.43,69.43,PayPal
950,398,347,487,2025-03-25,Completed,2,32.48,64.96,Debit Card
951,957,954,230,2025-11-28,Completed,1,8.92,8.92,PayPal
952,512,592,27,2026-02-27,Pending,1,42.67,42.67,Credit Card
953,966,624,771,2026-07-14,Pending,2,31.89,63.78,Credit Card
954,741,919,801,2026-06-12,Shipped,2,27.12,54.24,Cash
955,252,389,61,2026-04-28,Shipped,1,60.31,60.31,Cash
956,966,494,982,2026-07-22,Cancelled,1,29.56,29.56,Credit Card
957,396,126,293,2026-02-12,Pending,3,30.41,91.23,Debit Card
958,898,859,148,2026-08-16,Returned,1,8.06,8.06,Debit Card
959,998,836,196,2026-09-05,Completed,1,41.79,41.79,Credit Card
960,882,221,405,2026-08-10,Completed,3,35.03,105.09,Gift Card
961,810,393,736,2025-10-27,Completed,1,52.21,52.21,Credit Card
962,868,224,337,2025-08-14,Completed,1,47.26,47.26,Credit Card
963,111,117,411,2025-09-10,Completed,1,67.56,67.56,Credit Card
964,53,996,279,2025-08-09,Completed,3,15.72,47.16,Cash
965,673,814,103,2025-10-16,Completed,3,64.29,192.87,Debit Card
966,272,39,76,2025-09-15,Cancelled,1,21.62,21.62,Credit Card
967,22,86,791,2025-01-26,Completed,2,63.85,127.7,Credit Card
968,166,851,903,2026-03-04,Cancelled,4,7.06,28.24,PayPal
969,516,636,617,2025-02-10,Completed,10,39.13,391.3,Credit Card
970,789,338,310,2026-07-21,Completed,1,27.4,27.4,Credit Card
971,481,580,688,2025-04-09,Completed,1,19.38,19.38,PayPal
972,798,807,493,2025-04-12,Cancelled,5,22.74,113.7,PayPal
973,119,597,699,2025-11-13,Cancelled,1,4.96,4.96,Gift Card
974,311,823,671,2025-04-01,Completed,5,104.36,521.8,Credit Card
975,471,497,957,2025-03-18,Pending,4,19.7,78.8,Debit Card
976,488,881,439,2025-07-12,Completed,4,20.26,81.04,Credit Card
977,82,994,114,2026-01-24,Completed,1,35.5,35.5,Debit Card
978,806,50,78,2025-09-01,Completed,2,13.06,26.12,Credit Card
979,44,398,69,2026-02-21,Completed,2,20.69,41.38,Gift Card
980,160,915,77,2025-01-03,Completed,1,61.69,61.69,Credit Card
981,893,722,629,2025-10-10,Completed,5,24.52,122.6,PayPal
982,731,613,227,2025-03-01,Completed,2,45.1,90.2,Credit Card
983,718,680,940,2026-02-16,Completed,3,23.53,70.59,Credit Card
984,18,89,467,2025-06-09,Completed,4,8.19,32.76,Credit Card
985,415,85,302,2025-10-09,Completed,1,24.63,24.63,Credit Card
986,388,185,267,2025-02-11,Pending,2,79.85,159.7,Debit Card
987,106,614,61,2025-10-06,Returned,4,56.06,224.24,Gift Card
988,917,197,514,2025-04-24,Completed,2,8.67,17.34,PayPal
989,144,570,159,2025-10-18,Completed,1,29.59,29.59,Credit Card
990,201,610,305,2025-02-02,Completed,2,16.53,33.06,Credit Card
991,568,382,912,2025-04-15,Shipped,1,31.93,31.93,PayPal
992,938,327,991,2026-03-30,Cancelled,4,66.17,264.68,Credit Card
993,607,718,959,2026-01-04,Returned,1,24.57,24.57,Debit Card
994,53,554,18,2025-03-16,Completed,2,18.02,36.04,Credit Card
995,932,80,628,2025-12-07,Cancelled,4,60.53,242.12,Credit Card
996,780,481,570,2026-02-24,Pending,5,60.34,301.7,Credit Card
997,132,691,569,2026-09-17,Completed,2,7.82,15.64,Credit Card
998,510,26,690,2025-08-21,Completed,10,35.9,359.0,Debit Card
999,18,927,736,2026-04-01,Completed,1,87.49,87.49,PayPal
1000,842,340,566,2025-11-27,Returned,1,31.58,31.58,PayPal
