store_id,store_name,city,state,region,manager_name,square_feet,open_date,source_updated_date
1,New York Store 0001,New York,NY,East,Ahmed Lopez,22000,2007-02-01,2024-12-31
2,Dallas Store 0002,Dallas,TX,South,Zara Brown,8500,2017-06-09,2024-12-31
3,Los Angeles Store 0003,Los Angeles,CA,West,Sophia Brown,26500,2009-11-26,2024-12-31
4,Los Angeles Store 0004,Los Angeles,CA,West,Ahmed Wang,51500,2020-04-28,2024-12-31
5,Los Angeles Store 0005,Los Angeles,CA,West,Carlos Singh,51000,2009-06-24,2024-12-31
6,Atlanta Store 0006,Atlanta,GA,South,Maria Khan,17000,2010-02-21,2024-12-31
7,Atlanta Store 0007,Atlanta,GA,South,Maria Costa,26500,2008-07-01,2024-12-31
8,San Francisco Store 0008,San Francisco,CA,West,Priya Patel,47000,2019-11-18,2024-12-31
9,Houston Store 0009,Houston,TX,South,James Sato,6500,2015-10-26,2024-12-31
10,Dallas Store 0010,Dallas,TX,South,John Singh,60000,2017-11-20,2024-12-31
11,Los Angeles Store 0011,Los Angeles,CA,West,Sophia Wang,52500,2016-06-19,2024-12-31
12,Miami Store 0012,Miami,FL,South,Maria Silva,12000,2006-03-20,2024-12-31
13,Chicago Store 0013,Chicago,IL,Midwest,Olivia Singh,38500,2005-09-24,2024-12-31
14,Chicago Store 0014,Chicago,IL,Midwest,Liam Kim,53500,2008-12-02,2024-12-31
15,Houston Store 0015,Houston,TX,South,Priya Tanaka,33000,2012-01-30,2024-12-31
16,Denver Store 0016,Denver,CO,West,James Kim,17000,2013-07-06,2024-12-31
17,Chicago Store 0017,Chicago,IL,Midwest,John Davis,43000,2010-10-29,2024-12-31
18,Atlanta Store 0018,Atlanta,GA,South,Ahmed Lopez,21000,2015-07-29,2024-12-31
19,Phoenix Store 0019,Phoenix,AZ,West,John Davis,15500,2016-03-09,2024-12-31
20,Houston Store 0020,Houston,TX,South,Olivia Davis,27000,2013-12-26,2024-12-31
21,Miami Store 0021,Miami,FL,South,Li Silva,12000,2017-12-01,2024-12-31
22,Denver Store 0022,Denver,CO,West,Priya Khan,55000,2010-04-16,2024-12-31
23,Chicago Store 0023,Chicago,IL,Midwest,Liam Garcia,13000,2022-12-11,2024-12-31
24,Phoenix Store 0024,Phoenix,AZ,West,Wei Singh,55500,2005-03-21,2024-12-31
25,Boston Store 0025,Boston,MA,East,Sophia Chen,58000,2019-02-23,2024-12-31
26,Chicago Store 0026,Chicago,IL,Midwest,Zara Brown,54000,2015-12-01,2024-12-31
27,Miami Store 0027,Miami,FL,South,Ananya Silva,7000,2013-12-08,2024-12-31
28,New York Store 0028,New York,NY,East,Li Johnson,17500,2023-04-03,2024-12-31
29,Atlanta Store 0029,Atlanta,GA,South,Lucas Sharma,32500,2021-09-13,2024-12-31
30,Miami Store 0030,Miami,FL,South,Emma Davis,39500,2017-07-03,2024-12-31
31,Los Angeles Store 0031,Los Angeles,CA,West,Ahmed Davis,5000,2014-03-28,2024-12-31
32,New York Store 0032,New York,NY,East,Mia Costa,16500,2017-12-09,2024-12-31
33,Chicago Store 0033,Chicago,IL,Midwest,Lucas Sato,15000,2022-07-03,2024-12-31
34,Miami Store 0034,Miami,FL,South,John Kim,36500,2015-12-08,2024-12-31
35,San Francisco Store 0035,San Francisco,CA,West,Noah Patel,28000,2018-10-07,2024-12-31
36,Miami Store 0036,Miami,FL,South,Lucas Chen,59500,2008-10-04,2024-12-31
37,Columbus Store 0037,Columbus,OH,Midwest,John Wilson,44000,2018-09-26,2024-12-31
38,Chicago Store 0038,Chicago,IL,Midwest,Raj Patel,14000,2012-09-15,2024-12-31
39,Atlanta Store 0039,Atlanta,GA,South,John Nguyen,22500,2020-12-07,2024-12-31
40,Atlanta Store 0040,Atlanta,GA,South,Lucas Miller,21000,2014-12-24,2024-12-31
41,San Francisco Store 0041,San Francisco,CA,West,Emma Silva,37000,2015-02-06,2024-12-31
42,Dallas Store 0042,Dallas,TX,South,Li Smith,12000,2021-04-28,2024-12-31
43,Atlanta Store 0043,Atlanta,GA,South,Ahmed Patel,17000,2008-09-29,2024-12-31
44,Dallas Store 0044,Dallas,TX,South,Priya Patel,60000,2015-08-13,2024-12-31
45,Chicago Store 0045,Chicago,IL,Midwest,James Miller,37500,2022-02-27,2024-12-31
46,Phoenix Store 0046,Phoenix,AZ,West,Priya Khan,43500,2008-06-26,2024-12-31
47,New York Store 0047,New York,NY,East,Liam Ali,18500,2010-07-20,2024-12-31
48,Seattle Store 0048,Seattle,WA,West,Noah Nguyen,12000,2007-12-12,2024-12-31
49,Chicago Store 0049,Chicago,IL,Midwest,Li Smith,6000,2019-11-19,2024-12-31
50,Dallas Store 0050,Dallas,TX,South,John Singh,33500,2017-02-15,2024-12-31
51,Los Angeles Store 0051,Los Angeles,CA,West,Ananya Kumar,12500,2020-08-24,2024-12-31
52,Chicago Store 0052,Chicago,IL,Midwest,Kenji Costa,33000,2019-02-26,2024-12-31
53,Seattle Store 0053,Seattle,WA,West,Kenji Wilson,37500,2019-05-09,2024-12-31
54,Columbus Store 0054,Columbus,OH,Midwest,Fatima Davis,34500,2017-02-07,2024-12-31
55,Atlanta Store 0055,Atlanta,GA,South,Raj Kumar,23500,2013-03-16,2024-12-31
56,Dallas Store 0056,Dallas,TX,South,Wei Ali,4500,2005-01-01,2024-12-31
57,Chicago Store 0057,Chicago,IL,Midwest,Wei Davis,22000,2015-07-11,2024-12-31
58,Chicago Store 0058,Chicago,IL,Midwest,Omar Singh,52000,2015-09-14,2024-12-31
59,Miami Store 0059,Miami,FL,South,Olivia Ali,42000,2010-03-10,2024-12-31
60,San Francisco Store 0060,San Francisco,CA,West,Ananya Davis,16000,2014-03-27,2024-12-31
61,Los Angeles Store 0061,Los Angeles,CA,West,Olivia Miller,19500,2008-08-30,2024-12-31
62,Seattle Store 0062,Seattle,WA,West,Lucas Miller,57000,2013-06-27,2024-12-31
63,Atlanta Store 0063,Atlanta,GA,South,Raj Wilson,44000,2010-05-17,2024-12-31
64,Chicago Store 0064,Chicago,IL,Midwest,Yuki Kim,21000,2011-05-22,2024-12-31
65,Denver Store 0065,Denver,CO,West,Ananya Khan,30000,2009-03-21,2024-12-31
66,Los Angeles Store 0066,Los Angeles,CA,West,Li Chen,22500,2007-06-24,2024-12-31
67,Columbus Store 0067,Columbus,OH,Midwest,Yuki Kumar,21000,2020-09-17,2024-12-31
68,Columbus Store 0068,Columbus,OH,Midwest,Carlos Brown,5000,2008-05-31,2024-12-31
69,New York Store 0069,New York,NY,East,Ananya Smith,15500,2007-04-18,2024-12-31
70,Miami Store 0070,Miami,FL,South,Wei Kumar,50500,2005-03-09,2024-12-31
71,Atlanta Store 0071,Atlanta,GA,South,Wei Smith,35500,2009-11-15,2024-12-31
72,Miami Store 0072,Miami,FL,South,Fatima Singh,27500,2015-05-27,2024-12-31
73,Denver Store 0073,Denver,CO,West,Mary Brown,9000,2021-11-01,2024-12-31
74,Phoenix Store 0074,Phoenix,AZ,West,Mary Khan,53500,2013-10-20,2024-12-31
75,New York Store 0075,New York,NY,East,Sophia Wang,16000,2023-11-16,2024-12-31
76,Atlanta Store 0076,Atlanta,GA,South,Liam Smith,11500,2022-03-25,2024-12-31
77,Seattle Store 0077,Seattle,WA,West,Liam Kumar,19500,2021-07-18,2024-12-31
78,Phoenix Store 0078,Phoenix,AZ,West,Carlos Kumar,51000,2022-04-17,2024-12-31
79,New York Store 0079,New York,NY,East,Mia Garcia,34000,2013-09-23,2024-12-31
80,Denver Store 0080,Denver,CO,West,Fatima Brown,14000,2019-02-11,2024-12-31
81,Seattle Store 0081,Seattle,WA,West,Zara Sato,37000,2007-09-28,2024-12-31
82,Atlanta Store 0082,Atlanta,GA,South,Lucas Ali,16500,2013-01-31,2024-12-31
83,Los Angeles Store 0083,Los Angeles,CA,West,Mia Garcia,11000,2010-04-18,2024-12-31
84,Columbus Store 0084,Columbus,OH,Midwest,John Smith,14500,2022-10-26,2024-12-31
85,Miami Store 0085,Miami,FL,South,Priya Miller,54500,2010-06-15,2024-12-31
86,New York Store 0086,New York,NY,East,Mary Silva,54000,2020-06-29,2024-12-31
87,Houston Store 0087,Houston,TX,South,Yuki Chen,27500,2022-04-16,2024-12-31
88,New York Store 0088,New York,NY,East,Li Singh,9500,2020-05-21,2024-12-31
89,Columbus Store 0089,Columbus,OH,Midwest,Lucas Johnson,7500,2012-12-22,2024-12-31
90,Denver Store 0090,Denver,CO,West,Omar Sato,54500,2007-05-30,2024-12-31
91,Boston Store 0091,Boston,MA,East,Maria Brown,39500,2022-09-08,2024-12-31
92,Denver Store 0092,Denver,CO,West,Emma Kumar,50500,2009-04-30,2024-12-31
93,New York Store 0093,New York,NY,East,Liam Davis,50000,2008-01-09,2024-12-31
94,Atlanta Store 0094,Atlanta,GA,South,Mary Singh,49000,2014-10-25,2024-12-31
95,Chicago Store 0095,Chicago,IL,Midwest,Ananya Singh,16000,2017-09-17,2024-12-31
96,Atlanta Store 0096,Atlanta,GA,South,Emma Brown,50500,2015-07-05,2024-12-31
97,Miami Store 0097,Miami,FL,South,Yuki Sato,14000,2006-07-19,2024-12-31
98,Chicago Store 0098,Chicago,IL,Midwest,Noah Ali,56000,2010-11-28,2024-12-31
99,Chicago Store 0099,Chicago,IL,Midwest,Noah Smith,53500,2019-04-24,2024-12-31
100,Chicago Store 0100,Chicago,IL,Midwest,Zara Wang,5000,2018-11-25,2024-12-31
101,Los Angeles Store 0101,Los Angeles,CA,West,Yuki Lopez,24500,2021-03-04,2024-12-31
102,New York Store 0102,New York,NY,East,Ananya Miller,16000,2016-10-03,2024-12-31
103,Denver Store 0103,Denver,CO,West,Ananya Chen,43000,2011-05-09,2024-12-31
104,Miami Store 0104,Miami,FL,South,Lucas Brown,11000,2007-02-28,2024-12-31
105,Chicago Store 0105,Chicago,IL,Midwest,Raj Johnson,57000,2007-11-30,2024-12-31
106,Boston Store 0106,Boston,MA,East,Mary Garcia,10500,2015-11-21,2024-12-31
107,Atlanta Store 0107,Atlanta,GA,South,Mary Silva,45000,2023-10-04,2024-12-31
108,Dallas Store 0108,Dallas,TX,South,Sophia Tanaka,43500,2020-09-24,2024-12-31
109,Chicago Store 0109,Chicago,IL,Midwest,Mary Davis,18000,2018-08-04,2024-12-31
110,Seattle Store 0110,Seattle,WA,West,James Garcia,45500,2016-01-09,2024-12-31
111,Los Angeles Store 0111,Los Angeles,CA,West,Raj Kumar,55000,2019-05-02,2024-12-31
112,New York Store 0112,New York,NY,East,Ananya Wilson,56500,2013-04-12,2024-12-31
113,San Francisco Store 0113,San Francisco,CA,West,Mary Costa,21000,2016-11-12,2024-12-31
114,New York Store 0114,New York,NY,East,Raj Ali,8500,2009-11-04,2024-12-31
115,Phoenix Store 0115,Phoenix,AZ,West,Priya Sharma,50000,2010-03-08,2024-12-31
116,Chicago Store 0116,Chicago,IL,Midwest,Carlos Garcia,37500,2019-09-26,2024-12-31
117,Atlanta Store 0117,Atlanta,GA,South,Lucas Wang,39500,2021-10-21,2024-12-31
118,Chicago Store 0118,Chicago,IL,Midwest,Zara Sharma,53000,2019-04-29,2024-12-31
119,Chicago Store 0119,Chicago,IL,Midwest,Mia Kumar,48500,2019-12-03,2024-12-31
120,Houston Store 0120,Houston,TX,South,Priya Wang,54500,2009-01-17,2024-12-31
121,Chicago Store 0121,Chicago,IL,Midwest,Arjun Brown,46000,2008-07-19,2024-12-31
122,Chicago Store 0122,Chicago,IL,Midwest,Yuki Kumar,26500,2012-01-26,2024-12-31
123,Chicago Store 0123,Chicago,IL,Midwest,John Davis,30000,2022-02-21,2024-12-31
124,Columbus Store 0124,Columbus,OH,Midwest,Zara Brown,42500,2010-05-26,2024-12-31
125,Chicago Store 0125,Chicago,IL,Midwest,Carlos Miller,53000,2017-05-05,2024-12-31
126,Los Angeles Store 0126,Los Angeles,CA,West,Ahmed Davis,32500,2015-01-14,2024-12-31
127,Phoenix Store 0127,Phoenix,AZ,West,James Johnson,22000,2018-05-13,2024-12-31
128,New York Store 0128,New York,NY,East,Wei Ali,4000,2011-09-27,2024-12-31
129,Phoenix Store 0129,Phoenix,AZ,West,Carlos Brown,5000,2022-04-22,2024-12-31
130,San Francisco Store 0130,San Francisco,CA,West,Omar Khan,39000,2016-06-20,2024-12-31
131,Chicago Store 0131,Chicago,IL,Midwest,Kenji Chen,10000,2005-11-06,2024-12-31
132,Houston Store 0132,Houston,TX,South,Wei Chen,20500,2013-03-27,2024-12-31
133,Los Angeles Store 0133,Los Angeles,CA,West,Maria Lopez,20000,2023-03-12,2024-12-31
134,Miami Store 0134,Miami,FL,South,Kenji Miller,40000,2009-11-17,2024-12-31
135,Seattle Store 0135,Seattle,WA,West,Zara Brown,54500,2015-10-28,2024-12-31
136,Boston Store 0136,Boston,MA,East,Omar Silva,56000,2007-02-21,2024-12-31
137,Columbus Store 0137,Columbus,OH,Midwest,Fatima Johnson,50500,2023-02-17,2024-12-31
138,Chicago Store 0138,Chicago,IL,Midwest,Raj Johnson,53000,2012-07-02,2024-12-31
139,Dallas Store 0139,Dallas,TX,South,Olivia Wilson,59500,2007-09-15,2024-12-31
140,Los Angeles Store 0140,Los Angeles,CA,West,Maria Nguyen,58000,2018-07-06,2024-12-31
141,Los Angeles Store 0141,Los Angeles,CA,West,Lucas Nguyen,28000,2006-03-20,2024-12-31
142,Miami Store 0142,Miami,FL,South,Mary Brown,38500,2017-09-02,2024-12-31
143,Boston Store 0143,Boston,MA,East,Arjun Lopez,13500,2006-02-18,2024-12-31
144,Denver Store 0144,Denver,CO,West,Liam Kumar,52000,2018-05-08,2024-12-31
145,Chicago Store 0145,Chicago,IL,Midwest,Raj Lopez,31500,2011-07-02,2024-12-31
146,San Francisco Store 0146,San Francisco,CA,West,Wei Chen,25500,2006-11-08,2024-12-31
147,Houston Store 0147,Houston,TX,South,Zara Johnson,39000,2013-12-15,2024-12-31
148,Atlanta Store 0148,Atlanta,GA,South,Liam Tanaka,31500,2022-05-11,2024-12-31
149,Denver Store 0149,Denver,CO,West,Wei Singh,39500,2009-06-11,2024-12-31
150,Houston Store 0150,Houston,TX,South,Lucas Silva,16500,2017-08-03,2024-12-31
151,Columbus Store 0151,Columbus,OH,Midwest,Zara Tanaka,19500,2010-06-09,2024-12-31
152,New York Store 0152,New York,NY,East,Olivia Brown,47500,2017-12-02,2024-12-31
153,New York Store 0153,New York,NY,East,Mia Wilson,31000,2013-03-12,2024-12-31
154,Dallas Store 0154,Dallas,TX,South,John Davis,42000,2019-09-14,2024-12-31
155,New York Store 0155,New York,NY,East,Fatima Wang,26000,2018-10-28,2024-12-31
156,San Francisco Store 0156,San Francisco,CA,West,Noah Costa,13000,2014-11-18,2024-12-31
157,New York Store 0157,New York,NY,East,Maria Garcia,47500,2013-05-21,2024-12-31
158,Boston Store 0158,Boston,MA,East,Zara Patel,11000,2021-08-03,2024-12-31
159,New York Store 0159,New York,NY,East,Yuki Chen,59500,2023-09-03,2024-12-31
160,San Francisco Store 0160,San Francisco,CA,West,James Brown,48000,2023-01-15,2024-12-31
161,New York Store 0161,New York,NY,East,Noah Singh,5000,2012-06-11,2024-12-31
162,Atlanta Store 0162,Atlanta,GA,South,Ananya Garcia,17000,2017-04-04,2024-12-31
163,Chicago Store 0163,Chicago,IL,Midwest,Ahmed Sato,34500,2018-12-22,2024-12-31
164,Seattle Store 0164,Seattle,WA,West,Wei Kim,5000,2013-06-13,2024-12-31
165,Chicago Store 0165,Chicago,IL,Midwest,Mia Tanaka,6500,2010-09-24,2024-12-31
166,Boston Store 0166,Boston,MA,East,Fatima Garcia,54500,2020-08-15,2024-12-31
167,Columbus Store 0167,Columbus,OH,Midwest,Mary Kumar,45500,2005-03-10,2024-12-31
168,New York Store 0168,New York,NY,East,Mia Khan,46000,2019-10-22,2024-12-31
169,Dallas Store 0169,Dallas,TX,South,Priya Smith,22500,2019-07-26,2024-12-31
170,Dallas Store 0170,Dallas,TX,South,Liam Tanaka,49000,2007-03-27,2024-12-31
171,Los Angeles Store 0171,Los Angeles,CA,West,Sophia Costa,38000,2006-12-23,2024-12-31
172,Atlanta Store 0172,Atlanta,GA,South,Arjun Kumar,39500,2020-12-24,2024-12-31
173,New York Store 0173,New York,NY,East,Maria Tanaka,23500,2012-06-25,2024-12-31
174,Houston Store 0174,Houston,TX,South,Zara Wang,5000,2012-10-11,2024-12-31
175,Denver Store 0175,Denver,CO,West,Emma Nguyen,23000,2010-04-19,2024-12-31
176,Phoenix Store 0176,Phoenix,AZ,West,Arjun Khan,55500,2006-05-23,2024-12-31
177,Columbus Store 0177,Columbus,OH,Midwest,Liam Smith,39500,2011-04-15,2024-12-31
178,Atlanta Store 0178,Atlanta,GA,South,John Miller,46000,2008-01-30,2024-12-31
179,New York Store 0179,New York,NY,East,Liam Tanaka,47000,2018-09-27,2024-12-31
180,Los Angeles Store 0180,Los Angeles,CA,West,Mia Lopez,30500,2010-05-24,2024-12-31
181,Chicago Store 0181,Chicago,IL,Midwest,Olivia Ali,42500,2012-05-21,2024-12-31
182,Houston Store 0182,Houston,TX,South,Wei Garcia,45500,2008-02-10,2024-12-31
183,Chicago Store 0183,Chicago,IL,Midwest,Mia Garcia,59000,2008-02-06,2024-12-31
184,Miami Store 0184,Miami,FL,South,Omar Tanaka,12500,2014-08-25,2024-12-31
185,Phoenix Store 0185,Phoenix,AZ,West,Wei Nguyen,40000,2008-07-18,2024-12-31
186,Miami Store 0186,Miami,FL,South,Ananya Sato,50000,2007-08-28,2024-12-31
187,Boston Store 0187,Boston,MA,East,Wei Smith,52500,2012-02-24,2024-12-31
188,Los Angeles Store 0188,Los Angeles,CA,West,Olivia Wilson,23000,2014-12-09,2024-12-31
189,Seattle Store 0189,Seattle,WA,West,Lucas Khan,13500,2022-06-23,2024-12-31
190,Atlanta Store 0190,Atlanta,GA,South,Wei Wang,5500,2022-02-06,2024-12-31
191,Phoenix Store 0191,Phoenix,AZ,West,Yuki Khan,42500,2017-09-20,2024-12-31
192,Columbus Store 0192,Columbus,OH,Midwest,Yuki Lopez,18500,2020-06-01,2024-12-31
193,New York Store 0193,New York,NY,East,Raj Singh,12500,2016-04-08,2024-12-31
194,San Francisco Store 0194,San Francisco,CA,West,Sophia Nguyen,27500,2009-02-16,2024-12-31
195,Los Angeles Store 0195,Los Angeles,CA,West,Sophia Singh,12500,2008-09-03,2024-12-31
196,Atlanta Store 0196,Atlanta,GA,South,Mary Wilson,52500,2005-05-03,2024-12-31
197,Los Angeles Store 0197,Los Angeles,CA,West,Olivia Lopez,51500,2020-01-22,2024-12-31
198,Phoenix Store 0198,Phoenix,AZ,West,Carlos Patel,15000,2014-11-08,2024-12-31
199,Los Angeles Store 0199,Los Angeles,CA,West,Sophia Brown,59000,2015-04-07,2024-12-31
200,Los Angeles Store 0200,Los Angeles,CA,West,Olivia Miller,53500,2005-12-09,2024-12-31
201,Columbus Store 0201,Columbus,OH,Midwest,Liam Brown,29000,2018-09-19,2024-12-31
202,Los Angeles Store 0202,Los Angeles,CA,West,Kenji Costa,38000,2016-10-12,2024-12-31
203,Columbus Store 0203,Columbus,OH,Midwest,Omar Johnson,37000,2007-06-15,2024-12-31
204,Houston Store 0204,Houston,TX,South,Mary Lopez,37000,2017-01-24,2024-12-31
205,Dallas Store 0205,Dallas,TX,South,Zara Johnson,39500,2013-09-09,2024-12-31
206,Chicago Store 0206,Chicago,IL,Midwest,Lucas Johnson,16000,2011-07-14,2024-12-31
207,Houston Store 0207,Houston,TX,South,Fatima Ali,33500,2008-09-25,2024-12-31
208,Houston Store 0208,Houston,TX,South,Yuki Johnson,48000,2016-08-06,2024-12-31
209,Los Angeles Store 0209,Los Angeles,CA,West,Noah Nguyen,32500,2007-01-11,2024-12-31
210,Seattle Store 0210,Seattle,WA,West,Priya Wang,53500,2018-02-17,2024-12-31
211,Los Angeles Store 0211,Los Angeles,CA,West,Omar Sato,12500,2013-10-26,2024-12-31
212,Dallas Store 0212,Dallas,TX,South,Noah Smith,15000,2015-03-06,2024-12-31
213,Chicago Store 0213,Chicago,IL,Midwest,Omar Garcia,60000,2015-03-14,2024-12-31
214,New York Store 0214,New York,NY,East,John Nguyen,49500,2022-11-12,2024-12-31
215,Boston Store 0215,Boston,MA,East,Zara Sharma,9500,2007-07-25,2024-12-31
216,Seattle Store 0216,Seattle,WA,West,Lucas Davis,9000,2016-10-01,2024-12-31
217,Seattle Store 0217,Seattle,WA,West,Zara Tanaka,43000,2008-08-02,2024-12-31
218,Dallas Store 0218,Dallas,TX,South,Liam Johnson,53000,2008-10-31,2024-12-31
219,Los Angeles Store 0219,Los Angeles,CA,West,Kenji Kim,59000,2008-05-14,2024-12-31
220,Boston Store 0220,Boston,MA,East,Wei Wang,53000,2020-12-21,2024-12-31
221,New York Store 0221,New York,NY,East,Fatima Ali,50500,2022-03-29,2024-12-31
222,Phoenix Store 0222,Phoenix,AZ,West,Fatima Nguyen,15500,2007-08-22,2024-12-31
223,Los Angeles Store 0223,Los Angeles,CA,West,Carlos Smith,43500,2022-03-03,2024-12-31
224,Atlanta Store 0224,Atlanta,GA,South,Noah Singh,58500,2016-03-08,2024-12-31
225,Chicago Store 0225,Chicago,IL,Midwest,James Costa,60000,2016-01-26,2024-12-31
226,Atlanta Store 0226,Atlanta,GA,South,Kenji Kim,34000,2015-03-07,2024-12-31
227,Dallas Store 0227,Dallas,TX,South,Raj Costa,42000,2005-02-23,2024-12-31
228,Atlanta Store 0228,Atlanta,GA,South,Ananya Khan,43500,2019-02-06,2024-12-31
229,Chicago Store 0229,Chicago,IL,Midwest,Carlos Johnson,15500,2008-04-29,2024-12-31
230,New York Store 0230,New York,NY,East,Emma Johnson,13000,2005-09-23,2024-12-31
231,Denver Store 0231,Denver,CO,West,Yuki Ali,25000,2006-12-20,2024-12-31
232,New York Store 0232,New York,NY,East,Olivia Wang,14000,2020-01-28,2024-12-31
233,Miami Store 0233,Miami,FL,South,Mia Costa,40500,2022-08-29,2024-12-31
234,Chicago Store 0234,Chicago,IL,Midwest,Noah Silva,27000,2005-10-21,2024-12-31
235,New York Store 0235,New York,NY,East,Fatima Brown,27500,2013-07-02,2024-12-31
236,San Francisco Store 0236,San Francisco,CA,West,Olivia Sato,8000,2011-07-27,2024-12-31
237,Houston Store 0237,Houston,TX,South,Priya Khan,25000,2016-10-27,2024-12-31
238,Dallas Store 0238,Dallas,TX,South,Carlos Garcia,43000,2006-04-22,2024-12-31
239,New York Store 0239,New York,NY,East,Zara Nguyen,37500,2006-12-20,2024-12-31
240,Houston Store 0240,Houston,TX,South,Omar Costa,54000,2020-11-08,2024-12-31
241,Miami Store 0241,Miami,FL,South,Yuki Brown,20500,2016-10-14,2024-12-31
242,Chicago Store 0242,Chicago,IL,Midwest,Yuki Davis,12000,2018-10-12,2024-12-31
243,Chicago Store 0243,Chicago,IL,Midwest,Arjun Nguyen,35500,2016-01-18,2024-12-31
244,San Francisco Store 0244,San Francisco,CA,West,Yuki Lopez,49000,2011-07-08,2024-12-31
245,Phoenix Store 0245,Phoenix,AZ,West,James Sharma,5500,2015-06-06,2024-12-31
246,Columbus Store 0246,Columbus,OH,Midwest,Priya Garcia,55000,2018-10-20,2024-12-31
247,Phoenix Store 0247,Phoenix,AZ,West,Olivia Johnson,25000,2012-11-04,2024-12-31
248,Chicago Store 0248,Chicago,IL,Midwest,Lucas Garcia,4500,2019-05-15,2024-12-31
249,Atlanta Store 0249,Atlanta,GA,South,Fatima Khan,54500,2006-07-10,2024-12-31
250,Miami Store 0250,Miami,FL,South,Arjun Sato,24500,2022-03-16,2024-12-31
251,New York Store 0251,New York,NY,East,Mia Brown,25500,2013-11-19,2024-12-31
252,Seattle Store 0252,Seattle,WA,West,Yuki Smith,57000,2008-12-09,2024-12-31
253,Atlanta Store 0253,Atlanta,GA,South,John Kim,34500,2015-08-24,2024-12-31
254,San Francisco Store 0254,San Francisco,CA,West,Lucas Chen,34500,2008-06-26,2024-12-31
255,Columbus Store 0255,Columbus,OH,Midwest,Ananya Brown,33500,2022-08-02,2024-12-31
256,San Francisco Store 0256,San Francisco,CA,West,Zara Johnson,57000,2016-09-08,2024-12-31
257,Miami Store 0257,Miami,FL,South,Zara Kim,24000,2017-06-15,2024-12-31
258,Chicago Store 0258,Chicago,IL,Midwest,Carlos Silva,47500,2012-06-10,2024-12-31
259,San Francisco Store 0259,San Francisco,CA,West,Emma Patel,13500,2011-04-17,2024-12-31
260,San Francisco Store 0260,San Francisco,CA,West,John Miller,44000,2016-12-25,2024-12-31
261,San Francisco Store 0261,San Francisco,CA,West,Kenji Costa,28500,2009-03-16,2024-12-31
262,Columbus Store 0262,Columbus,OH,Midwest,Fatima Brown,49000,2005-09-17,2024-12-31
263,Atlanta Store 0263,Atlanta,GA,South,Raj Singh,60000,2010-05-01,2024-12-31
264,Dallas Store 0264,Dallas,TX,South,Fatima Garcia,37500,2011-10-13,2024-12-31
265,Boston Store 0265,Boston,MA,East,Emma Johnson,53500,2009-07-14,2024-12-31
266,Los Angeles Store 0266,Los Angeles,CA,West,Noah Tanaka,5500,2022-12-03,2024-12-31
267,Houston Store 0267,Houston,TX,South,Arjun Chen,16000,2012-08-18,2024-12-31
268,Los Angeles Store 0268,Los Angeles,CA,West,Zara Tanaka,23500,2022-05-25,2024-12-31
269,Miami Store 0269,Miami,FL,South,Priya Tanaka,47000,2007-12-24,2024-12-31
270,Atlanta Store 0270,Atlanta,GA,South,Mary Kumar,28500,2021-01-03,2024-12-31
271,Los Angeles Store 0271,Los Angeles,CA,West,Priya Smith,23500,2005-12-27,2024-12-31
272,Denver Store 0272,Denver,CO,West,Yuki Patel,25000,2015-06-22,2024-12-31
273,Los Angeles Store 0273,Los Angeles,CA,West,Priya Tanaka,53000,2019-10-13,2024-12-31
274,Seattle Store 0274,Seattle,WA,West,James Silva,52500,2012-01-02,2024-12-31
275,Columbus Store 0275,Columbus,OH,Midwest,Carlos Brown,16500,2009-04-27,2024-12-31
276,Miami Store 0276,Miami,FL,South,Ananya Brown,53000,2014-11-23,2024-12-31
277,Denver Store 0277,Denver,CO,West,Ahmed Chen,14000,2011-02-20,2024-12-31
278,New York Store 0278,New York,NY,East,Yuki Sato,36500,2007-04-19,2024-12-31
279,Atlanta Store 0279,Atlanta,GA,South,Emma Sato,24000,2011-01-30,2024-12-31
280,Boston Store 0280,Boston,MA,East,Omar Ali,40500,2010-06-29,2024-12-31
281,Boston Store 0281,Boston,MA,East,Fatima Costa,25500,2017-02-15,2024-12-31
282,Houston Store 0282,Houston,TX,South,Wei Smith,34000,2020-02-25,2024-12-31
283,New York Store 0283,New York,NY,East,Liam Johnson,9500,2014-07-26,2024-12-31
284,Dallas Store 0284,Dallas,TX,South,Omar Costa,41500,2019-02-13,2024-12-31
285,San Francisco Store 0285,San Francisco,CA,West,Omar Kumar,43000,2012-12-23,2024-12-31
286,Miami Store 0286,Miami,FL,South,Carlos Kim,55500,2016-12-19,2024-12-31
287,New York Store 0287,New York,NY,East,Noah Silva,12000,2007-02-01,2024-12-31
288,San Francisco Store 0288,San Francisco,CA,West,Omar Kumar,10000,2015-03-22,2024-12-31
289,Miami Store 0289,Miami,FL,South,Lucas Kumar,34000,2010-03-14,2024-12-31
290,Los Angeles Store 0290,Los Angeles,CA,West,Wei Costa,20500,2013-02-25,2024-12-31
291,Dallas Store 0291,Dallas,TX,South,Omar Kim,25000,2022-09-10,2024-12-31
292,Los Angeles Store 0292,Los Angeles,CA,West,John Kumar,35000,2005-09-05,2024-12-31
293,New York Store 0293,New York,NY,East,Priya Davis,34500,2015-05-07,2024-12-31
294,San Francisco Store 0294,San Francisco,CA,West,Fatima Davis,42500,2017-11-21,2024-12-31
295,Boston Store 0295,Boston,MA,East,Priya Miller,56000,2021-01-08,2024-12-31
296,San Francisco Store 0296,San Francisco,CA,West,John Sato,45500,2006-08-05,2024-12-31
297,San Francisco Store 0297,San Francisco,CA,West,Ananya Kumar,29500,2018-03-31,2024-12-31
298,Dallas Store 0298,Dallas,TX,South,Yuki Lopez,39000,2008-07-26,2024-12-31
299,Phoenix Store 0299,Phoenix,AZ,West,Liam Patel,25500,2009-09-02,2024-12-31
300,San Francisco Store 0300,San Francisco,CA,West,Kenji Wilson,54000,2014-10-07,2024-12-31
301,Chicago Store 0301,Chicago,IL,Midwest,John Sato,48000,2010-04-19,2024-12-31
302,Boston Store 0302,Boston,MA,East,Mia Patel,51000,2020-12-19,2024-12-31
303,Chicago Store 0303,Chicago,IL,Midwest,Sophia Sharma,41500,2018-05-16,2024-12-31
304,Houston Store 0304,Houston,TX,South,Ananya Sharma,56500,2014-12-27,2024-12-31
305,Boston Store 0305,Boston,MA,East,Liam Patel,42000,2007-06-10,2024-12-31
306,Denver Store 0306,Denver,CO,West,Yuki Miller,24500,2016-02-02,2024-12-31
307,Denver Store 0307,Denver,CO,West,Mary Patel,17500,2023-04-30,2024-12-31
308,Boston Store 0308,Boston,MA,East,Kenji Nguyen,55500,2005-01-02,2024-12-31
309,Seattle Store 0309,Seattle,WA,West,Mia Chen,32500,2016-12-01,2024-12-31
310,Miami Store 0310,Miami,FL,South,Yuki Silva,32500,2009-05-22,2024-12-31
311,Atlanta Store 0311,Atlanta,GA,South,John Ali,40000,2022-10-26,2024-12-31
312,Los Angeles Store 0312,Los Angeles,CA,West,Fatima Wilson,49500,2012-09-21,2024-12-31
313,Phoenix Store 0313,Phoenix,AZ,West,Kenji Smith,43000,2016-06-13,2024-12-31
314,Dallas Store 0314,Dallas,TX,South,Wei Ali,7500,2013-04-13,2024-12-31
315,Los Angeles Store 0315,Los Angeles,CA,West,Mary Smith,49000,2017-07-24,2024-12-31
316,San Francisco Store 0316,San Francisco,CA,West,Emma Sharma,59000,2011-05-01,2024-12-31
317,Los Angeles Store 0317,Los Angeles,CA,West,Maria Wilson,48500,2018-03-28,2024-12-31
318,Dallas Store 0318,Dallas,TX,South,John Miller,29500,2013-07-23,2024-12-31
319,Houston Store 0319,Houston,TX,South,Carlos Kim,15000,2015-08-27,2024-12-31
320,Boston Store 0320,Boston,MA,East,Ananya Miller,57500,2013-01-30,2024-12-31
321,San Francisco Store 0321,San Francisco,CA,West,Wei Ali,59500,2020-01-12,2024-12-31
322,Boston Store 0322,Boston,MA,East,James Patel,45000,2005-05-09,2024-12-31
323,Boston Store 0323,Boston,MA,East,Sophia Kim,31500,2008-01-18,2024-12-31
324,New York Store 0324,New York,NY,East,Lucas Wilson,59000,2015-03-25,2024-12-31
325,Los Angeles Store 0325,Los Angeles,CA,West,Omar Costa,31000,2018-12-24,2024-12-31
326,Boston Store 0326,Boston,MA,East,Arjun Wilson,39000,2023-05-25,2024-12-31
327,Houston Store 0327,Houston,TX,South,Emma Lopez,15500,2014-07-12,2024-12-31
328,Columbus Store 0328,Columbus,OH,Midwest,Kenji Singh,58000,2021-05-24,2024-12-31
329,Atlanta Store 0329,Atlanta,GA,South,Arjun Khan,30000,2017-04-02,2024-12-31
330,Chicago Store 0330,Chicago,IL,Midwest,Mary Johnson,40000,2015-11-03,2024-12-31
331,Seattle Store 0331,Seattle,WA,West,Priya Silva,34500,2020-06-27,2024-12-31
332,New York Store 0332,New York,NY,East,Zara Tanaka,58500,2021-11-01,2024-12-31
333,San Francisco Store 0333,San Francisco,CA,West,Noah Tanaka,9000,2016-09-27,2024-12-31
334,Los Angeles Store 0334,Los Angeles,CA,West,Raj Lopez,34000,2019-02-23,2024-12-31
335,Seattle Store 0335,Seattle,WA,West,Mia Patel,47500,2019-03-20,2024-12-31
336,Chicago Store 0336,Chicago,IL,Midwest,Kenji Ali,43000,2006-03-09,2024-12-31
337,Los Angeles Store 0337,Los Angeles,CA,West,Ananya Smith,34000,2015-03-09,2024-12-31
338,Chicago Store 0338,Chicago,IL,Midwest,Sophia Silva,50500,2012-06-08,2024-12-31
339,Houston Store 0339,Houston,TX,South,Fatima Ali,14500,2005-10-17,2024-12-31
340,Denver Store 0340,Denver,CO,West,Yuki Ali,50500,2022-08-10,2024-12-31
341,Chicago Store 0341,Chicago,IL,Midwest,Mary Nguyen,34000,2017-12-20,2024-12-31
342,Boston Store 0342,Boston,MA,East,Mary Kim,22500,2023-02-22,2024-12-31
343,Seattle Store 0343,Seattle,WA,West,James Ali,35000,2006-11-07,2024-12-31
344,Boston Store 0344,Boston,MA,East,Raj Khan,20000,2007-12-22,2024-12-31
345,Columbus Store 0345,Columbus,OH,Midwest,Ahmed Khan,4500,2021-08-18,2024-12-31
346,New York Store 0346,New York,NY,East,Li Silva,51000,2008-05-23,2024-12-31
347,Denver Store 0347,Denver,CO,West,Emma Wang,20500,2022-07-21,2024-12-31
348,Denver Store 0348,Denver,CO,West,Sophia Wang,55000,2016-10-30,2024-12-31
349,Los Angeles Store 0349,Los Angeles,CA,West,John Patel,13000,2018-05-11,2024-12-31
350,Los Angeles Store 0350,Los Angeles,CA,West,Wei Singh,52000,2014-04-06,2024-12-31
351,San Francisco Store 0351,San Francisco,CA,West,Maria Kim,32000,2021-04-14,2024-12-31
352,Columbus Store 0352,Columbus,OH,Midwest,Carlos Silva,50500,2023-11-19,2024-12-31
353,Miami Store 0353,Miami,FL,South,Lucas Khan,52000,2023-05-20,2024-12-31
354,New York Store 0354,New York,NY,East,Li Kumar,29500,2015-09-07,2024-12-31
355,Miami Store 0355,Miami,FL,South,Zara Sato,18500,2013-07-09,2024-12-31
356,Denver Store 0356,Denver,CO,West,Liam Singh,20500,2008-04-04,2024-12-31
357,Chicago Store 0357,Chicago,IL,Midwest,Olivia Smith,22000,2022-11-19,2024-12-31
358,Houston Store 0358,Houston,TX,South,Mia Brown,37500,2020-04-26,2024-12-31
359,Phoenix Store 0359,Phoenix,AZ,West,Priya Sato,44500,2012-12-08,2024-12-31
360,Phoenix Store 0360,Phoenix,AZ,West,Olivia Costa,45500,2011-02-12,2024-12-31
361,Miami Store 0361,Miami,FL,South,Ahmed Sharma,20000,2019-09-05,2024-12-31
362,Chicago Store 0362,Chicago,IL,Midwest,Noah Kim,51500,2010-06-04,2024-12-31
363,Seattle Store 0363,Seattle,WA,West,Kenji Garcia,37000,2012-07-27,2024-12-31
364,Denver Store 0364,Denver,CO,West,Li Brown,39000,2005-03-28,2024-12-31
365,Denver Store 0365,Denver,CO,West,Raj Smith,30000,2007-03-12,2024-12-31
366,Chicago Store 0366,Chicago,IL,Midwest,Mia Kumar,26000,2009-12-03,2024-12-31
367,Seattle Store 0367,Seattle,WA,West,Ahmed Garcia,6000,2005-07-14,2024-12-31
368,Columbus Store 0368,Columbus,OH,Midwest,Mary Costa,46000,2023-09-28,2024-12-31
369,Atlanta Store 0369,Atlanta,GA,South,Yuki Nguyen,11500,2020-11-18,2024-12-31
370,Phoenix Store 0370,Phoenix,AZ,West,Raj Costa,12000,2013-06-07,2024-12-31
371,Denver Store 0371,Denver,CO,West,Lucas Silva,55000,2009-02-22,2024-12-31
372,Los Angeles Store 0372,Los Angeles,CA,West,Omar Wang,20000,2011-08-11,2024-12-31
373,Houston Store 0373,Houston,TX,South,Raj Nguyen,33000,2011-03-15,2024-12-31
374,San Francisco Store 0374,San Francisco,CA,West,Omar Kim,53000,2022-04-10,2024-12-31
375,Miami Store 0375,Miami,FL,South,Li Patel,21500,2022-06-07,2024-12-31
376,New York Store 0376,New York,NY,East,Liam Brown,7500,2010-10-17,2024-12-31
377,Phoenix Store 0377,Phoenix,AZ,West,Ahmed Wang,32000,2006-07-23,2024-12-31
378,Houston Store 0378,Houston,TX,South,Carlos Costa,29000,2009-01-01,2024-12-31
379,Denver Store 0379,Denver,CO,West,Priya Chen,38500,2022-03-30,2024-12-31
380,Houston Store 0380,Houston,TX,South,Yuki Nguyen,10500,2014-11-27,2024-12-31
381,Seattle Store 0381,Seattle,WA,West,Priya Johnson,8500,2006-07-31,2024-12-31
382,Chicago Store 0382,Chicago,IL,Midwest,Ahmed Kumar,5000,2016-03-01,2024-12-31
383,Boston Store 0383,Boston,MA,East,Lucas Smith,6000,2019-11-28,2024-12-31
384,Dallas Store 0384,Dallas,TX,South,Wei Brown,29000,2017-11-21,2024-12-31
385,New York Store 0385,New York,NY,East,Omar Singh,34500,2014-10-13,2024-12-31
386,Dallas Store 0386,Dallas,TX,South,Zara Patel,38500,2010-01-25,2024-12-31
387,New York Store 0387,New York,NY,East,Omar Singh,11500,2017-09-21,2024-12-31
388,Chicago Store 0388,Chicago,IL,Midwest,Emma Brown,47500,2011-10-17,2024-12-31
389,Dallas Store 0389,Dallas,TX,South,Lucas Nguyen,9500,2013-03-12,2024-12-31
390,Chicago Store 0390,Chicago,IL,Midwest,John Patel,57500,2015-04-24,2024-12-31
391,Seattle Store 0391,Seattle,WA,West,Fatima Nguyen,16500,2008-12-17,2024-12-31
392,Chicago Store 0392,Chicago,IL,Midwest,Liam Kim,16000,2011-09-15,2024-12-31
393,Denver Store 0393,Denver,CO,West,Priya Nguyen,48000,2013-01-22,2024-12-31
394,Houston Store 0394,Houston,TX,South,Lucas Kumar,51000,2009-04-02,2024-12-31
395,Boston Store 0395,Boston,MA,East,Carlos Smith,50000,2018-04-20,2024-12-31
396,Atlanta Store 0396,Atlanta,GA,South,Liam Patel,54500,2017-02-15,2024-12-31
397,Denver Store 0397,Denver,CO,West,Sophia Sato,57000,2023-03-18,2024-12-31
398,Houston Store 0398,Houston,TX,South,James Johnson,25500,2006-04-05,2024-12-31
399,Miami Store 0399,Miami,FL,South,Zara Johnson,29500,2007-08-27,2024-12-31
400,Atlanta Store 0400,Atlanta,GA,South,Lucas Kim,37000,2015-04-13,2024-12-31
401,Los Angeles Store 0401,Los Angeles,CA,West,Ananya Chen,51000,2017-12-30,2024-12-31
402,Atlanta Store 0402,Atlanta,GA,South,Raj Johnson,51000,2008-03-05,2024-12-31
403,Houston Store 0403,Houston,TX,South,James Singh,43500,2006-01-11,2024-12-31
404,Atlanta Store 0404,Atlanta,GA,South,Lucas Chen,4500,2008-11-12,2024-12-31
405,Columbus Store 0405,Columbus,OH,Midwest,Fatima Sharma,33000,2018-09-17,2024-12-31
406,Boston Store 0406,Boston,MA,East,Kenji Patel,56000,2023-05-03,2024-12-31
407,New York Store 0407,New York,NY,East,Sophia Costa,55000,2018-10-23,2024-12-31
408,Atlanta Store 0408,Atlanta,GA,South,Carlos Wilson,25500,2023-03-15,2024-12-31
409,San Francisco Store 0409,San Francisco,CA,West,Zara Kim,29500,2012-04-10,2024-12-31
410,New York Store 0410,New York,NY,East,Mia Silva,38500,2008-01-31,2024-12-31
411,Miami Store 0411,Miami,FL,South,Carlos Johnson,41500,2008-11-21,2024-12-31
412,Miami Store 0412,Miami,FL,South,Priya Khan,13000,2021-12-28,2024-12-31
413,Dallas Store 0413,Dallas,TX,South,Omar Davis,39000,2008-09-13,2024-12-31
414,Houston Store 0414,Houston,TX,South,Kenji Johnson,12500,2007-03-30,2024-12-31
415,San Francisco Store 0415,San Francisco,CA,West,Lucas Costa,28000,2022-06-11,2024-12-31
416,Boston Store 0416,Boston,MA,East,Sophia Patel,4000,2005-03-01,2024-12-31
417,Boston Store 0417,Boston,MA,East,Raj Nguyen,41500,2011-05-14,2024-12-31
418,Dallas Store 0418,Dallas,TX,South,Sophia Chen,17000,2008-03-18,2024-12-31
419,Columbus Store 0419,Columbus,OH,Midwest,Arjun Kumar,30000,2010-05-14,2024-12-31
420,Los Angeles Store 0420,Los Angeles,CA,West,Yuki Johnson,42000,2009-01-14,2024-12-31
421,Seattle Store 0421,Seattle,WA,West,Yuki Patel,44000,2023-07-16,2024-12-31
422,San Francisco Store 0422,San Francisco,CA,West,Emma Wilson,4000,2017-07-05,2024-12-31
423,Atlanta Store 0423,Atlanta,GA,South,Priya Tanaka,10000,2018-11-19,2024-12-31
424,Dallas Store 0424,Dallas,TX,South,Ananya Tanaka,18000,2015-05-31,2024-12-31
425,San Francisco Store 0425,San Francisco,CA,West,Mia Garcia,21500,2006-03-11,2024-12-31
426,Atlanta Store 0426,Atlanta,GA,South,Wei Kim,58000,2015-08-23,2024-12-31
427,Chicago Store 0427,Chicago,IL,Midwest,Li Kim,6500,2006-03-19,2024-12-31
428,Denver Store 0428,Denver,CO,West,Fatima Garcia,31500,2010-08-22,2024-12-31
429,Miami Store 0429,Miami,FL,South,Noah Johnson,10500,2021-08-10,2024-12-31
430,New York Store 0430,New York,NY,East,Ananya Wang,14000,2022-08-14,2024-12-31
431,New York Store 0431,New York,NY,East,Arjun Sharma,8500,2010-04-12,2024-12-31
432,Seattle Store 0432,Seattle,WA,West,Kenji Silva,24500,2014-05-26,2024-12-31
433,Atlanta Store 0433,Atlanta,GA,South,Mia Brown,18500,2022-06-22,2024-12-31
434,New York Store 0434,New York,NY,East,Maria Sharma,19000,2021-07-19,2024-12-31
435,Dallas Store 0435,Dallas,TX,South,Carlos Miller,18000,2006-08-26,2024-12-31
436,Houston Store 0436,Houston,TX,South,Sophia Johnson,31500,2008-04-02,2024-12-31
437,Atlanta Store 0437,Atlanta,GA,South,Yuki Kumar,15000,2013-09-09,2024-12-31
438,Dallas Store 0438,Dallas,TX,South,Noah Garcia,44000,2013-01-16,2024-12-31
439,Phoenix Store 0439,Phoenix,AZ,West,Carlos Brown,12000,2005-09-20,2024-12-31
440,Denver Store 0440,Denver,CO,West,Mary Khan,12500,2007-06-30,2024-12-31
441,San Francisco Store 0441,San Francisco,CA,West,Noah Wilson,14500,2022-01-20,2024-12-31
442,Miami Store 0442,Miami,FL,South,Fatima Costa,14000,2022-09-16,2024-12-31
443,San Francisco Store 0443,San Francisco,CA,West,Yuki Wang,40500,2017-05-26,2024-12-31
444,Los Angeles Store 0444,Los Angeles,CA,West,Raj Wilson,58500,2016-09-14,2024-12-31
445,Houston Store 0445,Houston,TX,South,Carlos Silva,34000,2023-10-10,2024-12-31
446,Houston Store 0446,Houston,TX,South,James Wilson,51000,2010-07-14,2024-12-31
447,Atlanta Store 0447,Atlanta,GA,South,Olivia Silva,18000,2018-04-10,2024-12-31
448,Los Angeles Store 0448,Los Angeles,CA,West,Kenji Smith,30500,2005-12-29,2024-12-31
449,New York Store 0449,New York,NY,East,Sophia Tanaka,6000,2014-07-20,2024-12-31
450,Chicago Store 0450,Chicago,IL,Midwest,Sophia Sharma,32500,2016-02-10,2024-12-31
451,Atlanta Store 0451,Atlanta,GA,South,Ananya Smith,48000,2021-05-31,2024-12-31
452,Dallas Store 0452,Dallas,TX,South,Carlos Chen,26500,2011-08-21,2024-12-31
453,Atlanta Store 0453,Atlanta,GA,South,Raj Smith,34500,2020-01-03,2024-12-31
454,Miami Store 0454,Miami,FL,South,Omar Kumar,58500,2017-10-17,2024-12-31
455,Seattle Store 0455,Seattle,WA,West,James Kumar,33500,2022-04-24,2024-12-31
456,Boston Store 0456,Boston,MA,East,Omar Miller,15500,2022-09-19,2024-12-31
457,Los Angeles Store 0457,Los Angeles,CA,West,Lucas Kumar,49000,2019-03-17,2024-12-31
458,New York Store 0458,New York,NY,East,Lucas Patel,28500,2020-06-29,2024-12-31
459,Miami Store 0459,Miami,FL,South,Mary Ali,31000,2021-11-20,2024-12-31
460,Atlanta Store 0460,Atlanta,GA,South,Yuki Sato,40500,2022-10-27,2024-12-31
461,Atlanta Store 0461,Atlanta,GA,South,Mia Patel,43500,2012-07-13,2024-12-31
462,Seattle Store 0462,Seattle,WA,West,Mary Tanaka,47000,2013-03-01,2024-12-31
463,Los Angeles Store 0463,Los Angeles,CA,West,Priya Miller,27000,2015-06-10,2024-12-31
464,Columbus Store 0464,Columbus,OH,Midwest,Emma Davis,15000,2019-07-16,2024-12-31
465,Chicago Store 0465,Chicago,IL,Midwest,Raj Sato,49000,2022-05-09,2024-12-31
466,Atlanta Store 0466,Atlanta,GA,South,John Lopez,38500,2007-07-20,2024-12-31
467,Denver Store 0467,Denver,CO,West,Zara Silva,59500,2020-10-06,2024-12-31
468,Atlanta Store 0468,Atlanta,GA,South,Zara Lopez,24500,2012-11-29,2024-12-31
469,Los Angeles Store 0469,Los Angeles,CA,West,Arjun Kim,31000,2011-03-21,2024-12-31
470,New York Store 0470,New York,NY,East,Emma Davis,32500,2015-11-28,2024-12-31
471,Chicago Store 0471,Chicago,IL,Midwest,Priya Singh,49000,2016-12-06,2024-12-31
472,Denver Store 0472,Denver,CO,West,Ananya Ali,32500,2018-12-05,2024-12-31
473,Dallas Store 0473,Dallas,TX,South,Mia Patel,16000,2015-04-09,2024-12-31
474,New York Store 0474,New York,NY,East,Liam Wang,22000,2006-09-23,2024-12-31
475,New York Store 0475,New York,NY,East,Ahmed Sharma,48500,2008-04-27,2024-12-31
476,Chicago Store 0476,Chicago,IL,Midwest,Carlos Tanaka,44000,2005-07-05,2024-12-31
477,Miami Store 0477,Miami,FL,South,Mia Sato,12000,2015-08-19,2024-12-31
478,Dallas Store 0478,Dallas,TX,South,Noah Nguyen,5000,2011-07-17,2024-12-31
479,Atlanta Store 0479,Atlanta,GA,South,James Lopez,57000,2016-08-27,2024-12-31
480,Denver Store 0480,Denver,CO,West,Olivia Silva,25500,2019-09-16,2024-12-31
481,Denver Store 0481,Denver,CO,West,John Singh,41500,2019-12-08,2024-12-31
482,Denver Store 0482,Denver,CO,West,Ananya Kumar,33000,2011-10-28,2024-12-31
483,Chicago Store 0483,Chicago,IL,Midwest,Fatima Wang,54500,2010-10-31,2024-12-31
484,Atlanta Store 0484,Atlanta,GA,South,Emma Ali,53000,2006-01-23,2024-12-31
485,Boston Store 0485,Boston,MA,East,Fatima Kumar,14500,2018-11-16,2024-12-31
486,Los Angeles Store 0486,Los Angeles,CA,West,Omar Sato,22000,2009-02-02,2024-12-31
487,Phoenix Store 0487,Phoenix,AZ,West,Omar Kim,54500,2008-06-11,2024-12-31
488,Boston Store 0488,Boston,MA,East,Priya Johnson,24000,2017-11-20,2024-12-31
489,Boston Store 0489,Boston,MA,East,Ahmed Davis,15500,2009-08-08,2024-12-31
490,Chicago Store 0490,Chicago,IL,Midwest,Mary Kim,24000,2012-09-17,2024-12-31
491,Boston Store 0491,Boston,MA,East,Noah Sato,14000,2016-12-20,2024-12-31
492,Miami Store 0492,Miami,FL,South,James Miller,35500,2022-03-28,2024-12-31
493,Boston Store 0493,Boston,MA,East,Noah Brown,13500,2005-02-05,2024-12-31
494,Phoenix Store 0494,Phoenix,AZ,West,Ananya Tanaka,25000,2019-07-09,2024-12-31
495,Seattle Store 0495,Seattle,WA,West,Sophia Ali,52000,2017-11-13,2024-12-31
496,Denver Store 0496,Denver,CO,West,Kenji Kumar,25500,2020-06-16,2024-12-31
497,New York Store 0497,New York,NY,East,Sophia Johnson,12500,2020-03-17,2024-12-31
498,Chicago Store 0498,Chicago,IL,Midwest,Fatima Smith,29500,2018-11-07,2024-12-31
499,San Francisco Store 0499,San Francisco,CA,West,Noah Davis,9500,2012-04-27,2024-12-31
500,New York Store 0500,New York,NY,East,Lucas Garcia,41000,2016-10-22,2024-12-31
501,Atlanta Store 0501,Atlanta,GA,South,Ahmed Garcia,5000,2006-11-16,2024-12-31
502,Chicago Store 0502,Chicago,IL,Midwest,Noah Kim,46500,2006-12-17,2024-12-31
503,Phoenix Store 0503,Phoenix,AZ,West,Liam Garcia,35000,2012-02-17,2024-12-31
504,Columbus Store 0504,Columbus,OH,Midwest,Arjun Johnson,46500,2013-02-05,2024-12-31
505,Dallas Store 0505,Dallas,TX,South,Omar Wilson,27500,2013-08-30,2024-12-31
506,Dallas Store 0506,Dallas,TX,South,Fatima Davis,26000,2011-11-29,2024-12-31
507,Phoenix Store 0507,Phoenix,AZ,West,Ananya Patel,17500,2021-04-29,2024-12-31
508,Los Angeles Store 0508,Los Angeles,CA,West,Zara Wilson,55000,2014-12-04,2024-12-31
509,Miami Store 0509,Miami,FL,South,Zara Wilson,50500,2014-04-17,2024-12-31
510,Boston Store 0510,Boston,MA,East,Kenji Costa,9500,2008-03-22,2024-12-31
511,Atlanta Store 0511,Atlanta,GA,South,Sophia Tanaka,25000,2006-06-26,2024-12-31
512,Los Angeles Store 0512,Los Angeles,CA,West,Kenji Miller,9500,2005-02-24,2024-12-31
513,Dallas Store 0513,Dallas,TX,South,Ahmed Wilson,15000,2017-06-20,2024-12-31
514,Houston Store 0514,Houston,TX,South,Kenji Chen,16500,2009-03-04,2024-12-31
515,San Francisco Store 0515,San Francisco,CA,West,Fatima Sato,35000,2005-12-12,2024-12-31
516,San Francisco Store 0516,San Francisco,CA,West,Fatima Silva,23000,2016-01-31,2024-12-31
517,Chicago Store 0517,Chicago,IL,Midwest,Noah Lopez,5500,2022-09-30,2024-12-31
518,New York Store 0518,New York,NY,East,Ahmed Ali,44500,2023-09-18,2024-12-31
519,Columbus Store 0519,Columbus,OH,Midwest,Priya Nguyen,46500,2011-06-15,2024-12-31
520,Dallas Store 0520,Dallas,TX,South,Sophia Nguyen,19500,2005-08-22,2024-12-31
521,New York Store 0521,New York,NY,East,Ahmed Singh,8000,2018-06-08,2024-12-31
522,Seattle Store 0522,Seattle,WA,West,Kenji Singh,40000,2014-10-13,2024-12-31
523,Los Angeles Store 0523,Los Angeles,CA,West,Lucas Kim,34000,2020-07-28,2024-12-31
524,San Francisco Store 0524,San Francisco,CA,West,Emma Tanaka,50500,2017-11-26,2024-12-31
525,New York Store 0525,New York,NY,East,Ahmed Wang,41000,2006-04-25,2024-12-31
526,Boston Store 0526,Boston,MA,East,Noah Chen,26500,2008-08-30,2024-12-31
527,New York Store 0527,New York,NY,East,Emma Wilson,44500,2012-12-26,2024-12-31
528,New York Store 0528,New York,NY,East,Fatima Tanaka,44500,2006-09-22,2024-12-31
529,Chicago Store 0529,Chicago,IL,Midwest,Lucas Wang,52500,2007-02-14,2024-12-31
530,Columbus Store 0530,Columbus,OH,Midwest,Li Sato,24500,2012-02-04,2024-12-31
531,San Francisco Store 0531,San Francisco,CA,West,Mia Ali,21000,2020-05-17,2024-12-31
532,Denver Store 0532,Denver,CO,West,Emma Sharma,38000,2018-01-04,2024-12-31
533,Dallas Store 0533,Dallas,TX,South,Wei Smith,12500,2016-08-15,2024-12-31
534,Miami Store 0534,Miami,FL,South,Sophia Wilson,25500,2008-08-28,2024-12-31
535,New York Store 0535,New York,NY,East,Wei Tanaka,18000,2023-08-27,2024-12-31
536,Atlanta Store 0536,Atlanta,GA,South,Ananya Costa,48000,2023-08-25,2024-12-31
537,Phoenix Store 0537,Phoenix,AZ,West,Ananya Sato,48500,2021-12-18,2024-12-31
538,San Francisco Store 0538,San Francisco,CA,West,Olivia Kumar,8500,2007-08-13,2024-12-31
539,San Francisco Store 0539,San Francisco,CA,West,James Singh,26000,2011-12-28,2024-12-31
540,Denver Store 0540,Denver,CO,West,Wei Kumar,42000,2016-09-25,2024-12-31
541,Seattle Store 0541,Seattle,WA,West,John Wang,49000,2011-11-01,2024-12-31
542,New York Store 0542,New York,NY,East,Priya Lopez,12000,2020-07-28,2024-12-31
543,Boston Store 0543,Boston,MA,East,Maria Ali,12000,2009-09-16,2024-12-31
544,Boston Store 0544,Boston,MA,East,Raj Wilson,48000,2022-02-11,2024-12-31
545,San Francisco Store 0545,San Francisco,CA,West,Raj Smith,53500,2015-11-12,2024-12-31
546,Seattle Store 0546,Seattle,WA,West,Mary Garcia,10500,2005-09-26,2024-12-31
547,San Francisco Store 0547,San Francisco,CA,West,Arjun Silva,7500,2015-07-10,2024-12-31
548,New York Store 0548,New York,NY,East,Ahmed Johnson,8000,2011-10-08,2024-12-31
549,Denver Store 0549,Denver,CO,West,Priya Sharma,42500,2009-08-10,2024-12-31
550,Chicago Store 0550,Chicago,IL,Midwest,Carlos Wang,46500,2012-11-19,2024-12-31
551,New York Store 0551,New York,NY,East,Wei Khan,41000,2012-10-20,2024-12-31
552,Dallas Store 0552,Dallas,TX,South,Arjun Costa,19000,2016-04-29,2024-12-31
553,Chicago Store 0553,Chicago,IL,Midwest,Priya Silva,52500,2005-04-25,2024-12-31
554,Chicago Store 0554,Chicago,IL,Midwest,Omar Garcia,22000,2008-11-08,2024-12-31
555,Los Angeles Store 0555,Los Angeles,CA,West,Ananya Smith,50000,2007-03-20,2024-12-31
556,Los Angeles Store 0556,Los Angeles,CA,West,Arjun Singh,27000,2020-08-29,2024-12-31
557,Chicago Store 0557,Chicago,IL,Midwest,Noah Kim,10500,2009-01-21,2024-12-31
558,San Francisco Store 0558,San Francisco,CA,West,Liam Wilson,17500,2016-07-14,2024-12-31
559,Atlanta Store 0559,Atlanta,GA,South,Priya Brown,11500,2015-06-14,2024-12-31
560,New York Store 0560,New York,NY,East,Wei Singh,52500,2013-02-07,2024-12-31
561,Seattle Store 0561,Seattle,WA,West,Ananya Johnson,9000,2012-05-11,2024-12-31
562,Houston Store 0562,Houston,TX,South,Liam Ali,33000,2018-06-20,2024-12-31
563,Seattle Store 0563,Seattle,WA,West,Mia Kumar,18000,2017-06-04,2024-12-31
564,Dallas Store 0564,Dallas,TX,South,Olivia Garcia,58500,2006-07-25,2024-12-31
565,Los Angeles Store 0565,Los Angeles,CA,West,Sophia Kim,27500,2009-01-08,2024-12-31
566,New York Store 0566,New York,NY,East,Mia Singh,47000,2007-05-12,2024-12-31
567,Dallas Store 0567,Dallas,TX,South,Arjun Kim,47000,2006-11-28,2024-12-31
568,New York Store 0568,New York,NY,East,Liam Miller,48000,2018-03-31,2024-12-31
569,Phoenix Store 0569,Phoenix,AZ,West,Zara Wang,8000,2013-02-27,2024-12-31
570,Phoenix Store 0570,Phoenix,AZ,West,John Garcia,42000,2014-01-25,2024-12-31
571,New York Store 0571,New York,NY,East,Olivia Singh,21500,2022-02-26,2024-12-31
572,Seattle Store 0572,Seattle,WA,West,Kenji Silva,21000,2021-12-18,2024-12-31
573,San Francisco Store 0573,San Francisco,CA,West,Lucas Miller,26500,2015-09-03,2024-12-31
574,Denver Store 0574,Denver,CO,West,Liam Singh,36500,2011-04-04,2024-12-31
575,Boston Store 0575,Boston,MA,East,Noah Sharma,11500,2010-08-16,2024-12-31
576,Houston Store 0576,Houston,TX,South,Maria Nguyen,12500,2005-09-01,2024-12-31
577,New York Store 0577,New York,NY,East,Mary Patel,35500,2020-03-18,2024-12-31
578,New York Store 0578,New York,NY,East,Li Miller,42500,2020-03-27,2024-12-31
579,Miami Store 0579,Miami,FL,South,Fatima Costa,43500,2007-03-01,2024-12-31
580,Seattle Store 0580,Seattle,WA,West,Mia Tanaka,53000,2016-01-16,2024-12-31
581,San Francisco Store 0581,San Francisco,CA,West,Carlos Ali,46000,2016-03-02,2024-12-31
582,Houston Store 0582,Houston,TX,South,Ahmed Sato,25500,2023-02-27,2024-12-31
583,Los Angeles Store 0583,Los Angeles,CA,West,Ananya Smith,52500,2005-09-16,2024-12-31
584,Phoenix Store 0584,Phoenix,AZ,West,Priya Miller,32500,2012-01-21,2024-12-31
585,Los Angeles Store 0585,Los Angeles,CA,West,Noah Kumar,6000,2005-09-27,2024-12-31
586,Boston Store 0586,Boston,MA,East,Mia Ali,49000,2008-09-06,2024-12-31
587,Houston Store 0587,Houston,TX,South,Wei Ali,49500,2013-09-23,2024-12-31
588,Houston Store 0588,Houston,TX,South,Priya Silva,47000,2016-01-02,2024-12-31
589,Denver Store 0589,Denver,CO,West,Mia Sato,40500,2015-07-16,2024-12-31
590,Houston Store 0590,Houston,TX,South,Li Tanaka,7500,2013-10-12,2024-12-31
591,Atlanta Store 0591,Atlanta,GA,South,Kenji Miller,43000,2020-03-04,2024-12-31
592,Dallas Store 0592,Dallas,TX,South,Fatima Brown,7500,2005-08-19,2024-12-31
593,Chicago Store 0593,Chicago,IL,Midwest,Wei Davis,26000,2023-02-27,2024-12-31
594,Seattle Store 0594,Seattle,WA,West,James Nguyen,25500,2013-07-15,2024-12-31
595,New York Store 0595,New York,NY,East,Emma Davis,30000,2012-11-17,2024-12-31
596,New York Store 0596,New York,NY,East,Maria Lopez,19000,2019-07-16,2024-12-31
597,Miami Store 0597,Miami,FL,South,Raj Patel,59500,2011-11-03,2024-12-31
598,New York Store 0598,New York,NY,East,Li Smith,38000,2012-04-25,2024-12-31
599,New York Store 0599,New York,NY,East,Mia Wilson,40000,2016-07-18,2024-12-31
600,Los Angeles Store 0600,Los Angeles,CA,West,Ahmed Smith,48500,2015-07-15,2024-12-31
601,Chicago Store 0601,Chicago,IL,Midwest,John Miller,40500,2013-10-03,2024-12-31
602,Miami Store 0602,Miami,FL,South,Priya Singh,10000,2020-06-30,2024-12-31
603,Denver Store 0603,Denver,CO,West,John Singh,36000,2023-03-15,2024-12-31
604,Seattle Store 0604,Seattle,WA,West,John Wang,43000,2011-09-20,2024-12-31
605,Dallas Store 0605,Dallas,TX,South,Olivia Garcia,35500,2019-04-03,2024-12-31
606,San Francisco Store 0606,San Francisco,CA,West,Raj Sato,17500,2011-06-13,2024-12-31
607,Atlanta Store 0607,Atlanta,GA,South,Fatima Silva,29500,2023-01-18,2024-12-31
608,Atlanta Store 0608,Atlanta,GA,South,Zara Patel,49500,2017-12-20,2024-12-31
609,New York Store 0609,New York,NY,East,John Khan,8000,2017-09-15,2024-12-31
610,San Francisco Store 0610,San Francisco,CA,West,Sophia Wilson,17000,2012-10-16,2024-12-31
611,San Francisco Store 0611,San Francisco,CA,West,Lucas Ali,36000,2023-01-14,2024-12-31
612,Miami Store 0612,Miami,FL,South,Mia Sato,24000,2009-06-28,2024-12-31
613,Dallas Store 0613,Dallas,TX,South,Ahmed Costa,36500,2015-03-02,2024-12-31
614,Denver Store 0614,Denver,CO,West,Ananya Wang,60000,2005-06-02,2024-12-31
615,Columbus Store 0615,Columbus,OH,Midwest,Arjun Wang,40500,2016-03-13,2024-12-31
616,Atlanta Store 0616,Atlanta,GA,South,Zara Kumar,21000,2019-04-23,2024-12-31
617,Chicago Store 0617,Chicago,IL,Midwest,Yuki Wilson,40000,2021-04-19,2024-12-31
618,Columbus Store 0618,Columbus,OH,Midwest,Arjun Garcia,27000,2015-05-17,2024-12-31
619,Boston Store 0619,Boston,MA,East,Wei Kim,52500,2011-09-26,2024-12-31
620,San Francisco Store 0620,San Francisco,CA,West,Olivia Brown,59000,2023-08-16,2024-12-31
621,Los Angeles Store 0621,Los Angeles,CA,West,Lucas Garcia,58000,2014-04-02,2024-12-31
622,Atlanta Store 0622,Atlanta,GA,South,Fatima Nguyen,14000,2010-10-02,2024-12-31
623,Denver Store 0623,Denver,CO,West,Maria Miller,19000,2007-07-20,2024-12-31
624,Boston Store 0624,Boston,MA,East,James Lopez,55000,2023-07-22,2024-12-31
625,Miami Store 0625,Miami,FL,South,Sophia Sato,31500,2014-06-20,2024-12-31
626,Denver Store 0626,Denver,CO,West,Mary Garcia,14000,2011-02-13,2024-12-31
627,Boston Store 0627,Boston,MA,East,Ahmed Khan,46000,2017-05-09,2024-12-31
628,Boston Store 0628,Boston,MA,East,Mary Singh,54000,2005-06-13,2024-12-31
629,New York Store 0629,New York,NY,East,Raj Brown,42500,2011-09-08,2024-12-31
630,Los Angeles Store 0630,Los Angeles,CA,West,Olivia Davis,46500,2019-09-30,2024-12-31
631,Los Angeles Store 0631,Los Angeles,CA,West,Liam Chen,19000,2007-07-06,2024-12-31
632,Chicago Store 0632,Chicago,IL,Midwest,Arjun Sharma,37000,2019-11-25,2024-12-31
633,San Francisco Store 0633,San Francisco,CA,West,Arjun Khan,35500,2007-01-10,2024-12-31
634,Atlanta Store 0634,Atlanta,GA,South,Priya Brown,25000,2023-09-02,2024-12-31
635,Chicago Store 0635,Chicago,IL,Midwest,Liam Lopez,31000,2009-11-21,2024-12-31
636,Boston Store 0636,Boston,MA,East,Li Garcia,21500,2014-11-10,2024-12-31
637,Dallas Store 0637,Dallas,TX,South,Kenji Johnson,35000,2016-12-19,2024-12-31
638,Dallas Store 0638,Dallas,TX,South,Priya Brown,38500,2014-07-04,2024-12-31
639,Houston Store 0639,Houston,TX,South,Maria Khan,60000,2022-08-04,2024-12-31
640,Los Angeles Store 0640,Los Angeles,CA,West,Emma Singh,49500,2013-04-01,2024-12-31
641,San Francisco Store 0641,San Francisco,CA,West,James Nguyen,42500,2005-10-13,2024-12-31
642,San Francisco Store 0642,San Francisco,CA,West,Mia Johnson,48000,2022-09-10,2024-12-31
643,Denver Store 0643,Denver,CO,West,Ahmed Sato,28500,2011-12-09,2024-12-31
644,Columbus Store 0644,Columbus,OH,Midwest,Omar Davis,55500,2020-05-15,2024-12-31
645,New York Store 0645,New York,NY,East,Maria Kumar,28500,2005-03-06,2024-12-31
646,Los Angeles Store 0646,Los Angeles,CA,West,Liam Khan,23000,2007-01-10,2024-12-31
647,Los Angeles Store 0647,Los Angeles,CA,West,Maria Ali,17000,2008-08-05,2024-12-31
648,Los Angeles Store 0648,Los Angeles,CA,West,Lucas Brown,60000,2023-03-21,2024-12-31
649,San Francisco Store 0649,San Francisco,CA,West,Olivia Johnson,21500,2006-10-19,2024-12-31
650,San Francisco Store 0650,San Francisco,CA,West,Sophia Singh,51000,2014-04-06,2024-12-31
651,Los Angeles Store 0651,Los Angeles,CA,West,John Wilson,60000,2023-05-26,2024-12-31
652,New York Store 0652,New York,NY,East,Li Khan,36000,2006-06-28,2024-12-31
653,Dallas Store 0653,Dallas,TX,South,Yuki Sato,51000,2012-04-30,2024-12-31
654,Houston Store 0654,Houston,TX,South,James Johnson,45000,2019-05-23,2024-12-31
655,Boston Store 0655,Boston,MA,East,Noah Nguyen,12500,2005-01-26,2024-12-31
656,Dallas Store 0656,Dallas,TX,South,Lucas Ali,24000,2017-12-01,2024-12-31
657,New York Store 0657,New York,NY,East,Li Lopez,37000,2021-01-02,2024-12-31
658,Phoenix Store 0658,Phoenix,AZ,West,Lucas Chen,58000,2018-04-29,2024-12-31
659,Denver Store 0659,Denver,CO,West,John Kumar,34500,2021-06-28,2024-12-31
660,Boston Store 0660,Boston,MA,East,Li Kim,41500,2023-07-18,2024-12-31
661,Miami Store 0661,Miami,FL,South,Fatima Garcia,9000,2014-04-19,2024-12-31
662,Dallas Store 0662,Dallas,TX,South,Liam Miller,57000,2017-10-17,2024-12-31
663,Atlanta Store 0663,Atlanta,GA,South,James Sato,45000,2018-09-23,2024-12-31
664,Columbus Store 0664,Columbus,OH,Midwest,Raj Kumar,16500,2010-11-15,2024-12-31
665,Denver Store 0665,Denver,CO,West,Li Johnson,29500,2018-11-11,2024-12-31
666,Houston Store 0666,Houston,TX,South,Ahmed Chen,9500,2013-04-03,2024-12-31
667,Boston Store 0667,Boston,MA,East,Kenji Sharma,4500,2021-02-12,2024-12-31
668,Chicago Store 0668,Chicago,IL,Midwest,Noah Kim,35500,2007-08-29,2024-12-31
669,Atlanta Store 0669,Atlanta,GA,South,Carlos Garcia,59000,2023-03-31,2024-12-31
670,San Francisco Store 0670,San Francisco,CA,West,Fatima Singh,28000,2007-12-03,2024-12-31
671,Houston Store 0671,Houston,TX,South,Carlos Costa,17500,2023-06-26,2024-12-31
672,Miami Store 0672,Miami,FL,South,Mia Garcia,30500,2009-01-17,2024-12-31
673,Dallas Store 0673,Dallas,TX,South,Wei Smith,22500,2010-11-15,2024-12-31
674,Atlanta Store 0674,Atlanta,GA,South,Noah Lopez,27500,2018-01-28,2024-12-31
675,Denver Store 0675,Denver,CO,West,Noah Patel,4500,2015-07-09,2024-12-31
676,Boston Store 0676,Boston,MA,East,John Miller,47500,2009-10-05,2024-12-31
677,Seattle Store 0677,Seattle,WA,West,Omar Wilson,51000,2018-05-25,2024-12-31
678,Atlanta Store 0678,Atlanta,GA,South,Priya Sato,7500,2006-03-03,2024-12-31
679,Miami Store 0679,Miami,FL,South,Maria Singh,26500,2018-08-08,2024-12-31
680,Los Angeles Store 0680,Los Angeles,CA,West,Yuki Johnson,4000,2010-09-09,2024-12-31
681,Chicago Store 0681,Chicago,IL,Midwest,Liam Ali,29000,2020-01-21,2024-12-31
682,Dallas Store 0682,Dallas,TX,South,Ananya Johnson,41000,2009-01-09,2024-12-31
683,Atlanta Store 0683,Atlanta,GA,South,Arjun Singh,25500,2015-07-02,2024-12-31
684,Boston Store 0684,Boston,MA,East,John Tanaka,31500,2008-03-07,2024-12-31
685,Atlanta Store 0685,Atlanta,GA,South,John Johnson,12000,2016-03-13,2024-12-31
686,Los Angeles Store 0686,Los Angeles,CA,West,Ahmed Davis,31500,2011-05-07,2024-12-31
687,Los Angeles Store 0687,Los Angeles,CA,West,Ahmed Costa,57000,2022-01-30,2024-12-31
688,Los Angeles Store 0688,Los Angeles,CA,West,Arjun Brown,31500,2008-09-13,2024-12-31
689,Miami Store 0689,Miami,FL,South,Sophia Chen,39500,2019-09-30,2024-12-31
690,Columbus Store 0690,Columbus,OH,Midwest,Noah Johnson,16000,2008-05-02,2024-12-31
691,New York Store 0691,New York,NY,East,Li Johnson,34000,2010-11-02,2024-12-31
692,Boston Store 0692,Boston,MA,East,Noah Wilson,11000,2016-02-07,2024-12-31
693,New York Store 0693,New York,NY,East,Emma Sato,35000,2015-04-08,2024-12-31
694,Houston Store 0694,Houston,TX,South,Zara Chen,11500,2012-11-03,2024-12-31
695,New York Store 0695,New York,NY,East,Fatima Wang,57000,2008-10-10,2024-12-31
696,Seattle Store 0696,Seattle,WA,West,Ahmed Silva,46000,2018-02-19,2024-12-31
697,Atlanta Store 0697,Atlanta,GA,South,James Tanaka,53000,2017-10-20,2024-12-31
698,Boston Store 0698,Boston,MA,East,Raj Lopez,53000,2016-03-04,2024-12-31
699,Denver Store 0699,Denver,CO,West,John Smith,22000,2020-04-13,2024-12-31
700,Phoenix Store 0700,Phoenix,AZ,West,Priya Miller,27500,2018-03-30,2024-12-31
701,Los Angeles Store 0701,Los Angeles,CA,West,Priya Brown,13500,2005-08-25,2024-12-31
702,New York Store 0702,New York,NY,East,Omar Kim,34500,2015-03-09,2024-12-31
703,Columbus Store 0703,Columbus,OH,Midwest,Ahmed Costa,46000,2005-02-17,2024-12-31
704,Miami Store 0704,Miami,FL,South,Mary Nguyen,43500,2015-03-01,2024-12-31
705,Miami Store 0705,Miami,FL,South,Zara Silva,12000,2009-09-28,2024-12-31
706,Los Angeles Store 0706,Los Angeles,CA,West,Lucas Ali,24500,2022-11-26,2024-12-31
707,New York Store 0707,New York,NY,East,Raj Sato,42500,2013-07-22,2024-12-31
708,New York Store 0708,New York,NY,East,Ahmed Wang,19000,2022-04-17,2024-12-31
709,Los Angeles Store 0709,Los Angeles,CA,West,Raj Smith,58500,2009-09-02,2024-12-31
710,Boston Store 0710,Boston,MA,East,Liam Ali,45000,2021-11-17,2024-12-31
711,Phoenix Store 0711,Phoenix,AZ,West,Wei Sharma,23000,2016-01-05,2024-12-31
712,San Francisco Store 0712,San Francisco,CA,West,Zara Ali,47500,2018-07-15,2024-12-31
713,Boston Store 0713,Boston,MA,East,Mia Sharma,57000,2013-03-30,2024-12-31
714,Chicago Store 0714,Chicago,IL,Midwest,Sophia Kumar,28500,2015-09-08,2024-12-31
715,Atlanta Store 0715,Atlanta,GA,South,Yuki Wilson,9500,2021-12-20,2024-12-31
716,Houston Store 0716,Houston,TX,South,Emma Costa,15500,2014-09-27,2024-12-31
717,Columbus Store 0717,Columbus,OH,Midwest,Raj Johnson,36500,2012-08-31,2024-12-31
718,Phoenix Store 0718,Phoenix,AZ,West,Mia Lopez,45000,2020-05-23,2024-12-31
719,Seattle Store 0719,Seattle,WA,West,Sophia Tanaka,44000,2019-07-09,2024-12-31
720,Chicago Store 0720,Chicago,IL,Midwest,Fatima Kumar,31500,2006-10-11,2024-12-31
721,Los Angeles Store 0721,Los Angeles,CA,West,Sophia Ali,13500,2007-11-13,2024-12-31
722,Denver Store 0722,Denver,CO,West,Fatima Lopez,37000,2014-08-05,2024-12-31
723,Miami Store 0723,Miami,FL,South,Mary Sato,8500,2006-01-05,2024-12-31
724,Chicago Store 0724,Chicago,IL,Midwest,Arjun Wilson,30000,2007-02-14,2024-12-31
725,Houston Store 0725,Houston,TX,South,Zara Silva,56000,2010-09-07,2024-12-31
726,Dallas Store 0726,Dallas,TX,South,Kenji Patel,53000,2016-04-17,2024-12-31
727,New York Store 0727,New York,NY,East,Zara Kim,33500,2009-01-10,2024-12-31
728,San Francisco Store 0728,San Francisco,CA,West,Liam Johnson,9000,2014-05-03,2024-12-31
729,Los Angeles Store 0729,Los Angeles,CA,West,Fatima Brown,41500,2021-03-29,2024-12-31
730,Houston Store 0730,Houston,TX,South,Mia Kumar,43500,2023-02-13,2024-12-31
731,Atlanta Store 0731,Atlanta,GA,South,Li Garcia,15500,2006-10-03,2024-12-31
732,Seattle Store 0732,Seattle,WA,West,Yuki Khan,59500,2020-02-08,2024-12-31
733,New York Store 0733,New York,NY,East,Ananya Smith,4000,2013-11-10,2024-12-31
734,New York Store 0734,New York,NY,East,Li Nguyen,34500,2015-04-28,2024-12-31
735,Denver Store 0735,Denver,CO,West,Mia Costa,50000,2015-12-02,2024-12-31
736,Miami Store 0736,Miami,FL,South,Yuki Davis,48000,2020-02-11,2024-12-31
737,Phoenix Store 0737,Phoenix,AZ,West,Mia Miller,55000,2011-10-16,2024-12-31
738,New York Store 0738,New York,NY,East,Wei Smith,16000,2007-07-06,2024-12-31
739,San Francisco Store 0739,San Francisco,CA,West,Omar Garcia,58500,2005-08-08,2024-12-31
740,Atlanta Store 0740,Atlanta,GA,South,Lucas Chen,45500,2010-06-04,2024-12-31
741,Houston Store 0741,Houston,TX,South,Lucas Sato,16000,2006-12-07,2024-12-31
742,Miami Store 0742,Miami,FL,South,Noah Chen,34000,2014-06-19,2024-12-31
743,New York Store 0743,New York,NY,East,Li Chen,51000,2020-10-04,2024-12-31
744,Houston Store 0744,Houston,TX,South,Sophia Singh,5000,2015-01-31,2024-12-31
745,Chicago Store 0745,Chicago,IL,Midwest,Carlos Ali,40000,2023-08-09,2024-12-31
746,San Francisco Store 0746,San Francisco,CA,West,Mary Brown,4500,2007-04-22,2024-12-31
747,Columbus Store 0747,Columbus,OH,Midwest,Omar Wilson,30500,2016-02-13,2024-12-31
748,Seattle Store 0748,Seattle,WA,West,Yuki Sato,22500,2005-10-31,2024-12-31
749,Houston Store 0749,Houston,TX,South,Sophia Tanaka,41500,2021-04-03,2024-12-31
750,Columbus Store 0750,Columbus,OH,Midwest,Mia Singh,18500,2021-01-08,2024-12-31
751,New York Store 0751,New York,NY,East,James Wilson,40500,2012-02-01,2024-12-31
752,Chicago Store 0752,Chicago,IL,Midwest,Ahmed Nguyen,30500,2015-08-14,2024-12-31
753,New York Store 0753,New York,NY,East,Yuki Nguyen,26000,2015-01-21,2024-12-31
754,Denver Store 0754,Denver,CO,West,James Wang,22000,2021-04-16,2024-12-31
755,Atlanta Store 0755,Atlanta,GA,South,Emma Kumar,18500,2016-05-21,2024-12-31
756,Atlanta Store 0756,Atlanta,GA,South,Mia Brown,42500,2021-01-15,2024-12-31
757,Denver Store 0757,Denver,CO,West,Wei Ali,50000,2020-12-15,2024-12-31
758,Dallas Store 0758,Dallas,TX,South,Olivia Kim,45500,2021-06-23,2024-12-31
759,Dallas Store 0759,Dallas,TX,South,Sophia Wang,43500,2009-08-25,2024-12-31
760,Miami Store 0760,Miami,FL,South,Zara Patel,46500,2015-10-31,2024-12-31
761,Boston Store 0761,Boston,MA,East,Carlos Wang,42500,2016-01-15,2024-12-31
762,New York Store 0762,New York,NY,East,Olivia Singh,23000,2010-04-07,2024-12-31
763,Atlanta Store 0763,Atlanta,GA,South,Mary Smith,26500,2010-11-07,2024-12-31
764,Dallas Store 0764,Dallas,TX,South,Li Wang,56500,2016-04-17,2024-12-31
765,New York Store 0765,New York,NY,East,Raj Brown,31500,2007-07-23,2024-12-31
766,Columbus Store 0766,Columbus,OH,Midwest,Priya Sato,18000,2015-11-29,2024-12-31
767,Atlanta Store 0767,Atlanta,GA,South,John Davis,53000,2006-01-18,2024-12-31
768,San Francisco Store 0768,San Francisco,CA,West,Ananya Khan,13500,2020-06-24,2024-12-31
769,Los Angeles Store 0769,Los Angeles,CA,West,Yuki Kim,10500,2020-11-04,2024-12-31
770,New York Store 0770,New York,NY,East,Noah Kumar,57500,2021-12-14,2024-12-31
771,New York Store 0771,New York,NY,East,Priya Costa,43000,2022-07-18,2024-12-31
772,Los Angeles Store 0772,Los Angeles,CA,West,Priya Sato,6500,2016-05-18,2024-12-31
773,New York Store 0773,New York,NY,East,Lucas Sharma,59500,2009-08-10,2024-12-31
774,Los Angeles Store 0774,Los Angeles,CA,West,Li Ali,49000,2014-11-26,2024-12-31
775,Seattle Store 0775,Seattle,WA,West,Sophia Sharma,13500,2019-07-07,2024-12-31
776,Dallas Store 0776,Dallas,TX,South,Wei Sharma,58000,2009-07-12,2024-12-31
777,Houston Store 0777,Houston,TX,South,Olivia Smith,19500,2023-09-22,2024-12-31
778,San Francisco Store 0778,San Francisco,CA,West,John Ali,36000,2008-11-03,2024-12-31
779,New York Store 0779,New York,NY,East,Emma Wilson,27000,2019-02-13,2024-12-31
780,Denver Store 0780,Denver,CO,West,Wei Tanaka,30500,2022-08-28,2024-12-31
781,Atlanta Store 0781,Atlanta,GA,South,Olivia Wilson,30000,2015-04-17,2024-12-31
782,Phoenix Store 0782,Phoenix,AZ,West,Arjun Kim,27000,2005-09-01,2024-12-31
783,Houston Store 0783,Houston,TX,South,James Tanaka,8000,2006-11-26,2024-12-31
784,Miami Store 0784,Miami,FL,South,Liam Wang,31500,2006-05-19,2024-12-31
785,Dallas Store 0785,Dallas,TX,South,Mary Kim,45000,2008-05-21,2024-12-31
786,Los Angeles Store 0786,Los Angeles,CA,West,Mary Nguyen,49500,2022-12-03,2024-12-31
787,Denver Store 0787,Denver,CO,West,Arjun Ali,30500,2014-01-07,2024-12-31
788,Los Angeles Store 0788,Los Angeles,CA,West,Omar Sato,59500,2011-10-30,2024-12-31
789,Seattle Store 0789,Seattle,WA,West,John Davis,4500,2023-07-20,2024-12-31
790,Miami Store 0790,Miami,FL,South,Arjun Costa,13000,2020-09-15,2024-12-31
791,Dallas Store 0791,Dallas,TX,South,Lucas Garcia,38500,2019-01-02,2024-12-31
792,San Francisco Store 0792,San Francisco,CA,West,Lucas Kumar,48500,2012-09-29,2024-12-31
793,Los Angeles Store 0793,Los Angeles,CA,West,Lucas Miller,53500,2009-06-05,2024-12-31
794,Los Angeles Store 0794,Los Angeles,CA,West,Raj Johnson,38000,2012-07-03,2024-12-31
795,Dallas Store 0795,Dallas,TX,South,Zara Chen,37000,2017-02-17,2024-12-31
796,Miami Store 0796,Miami,FL,South,Raj Tanaka,39000,2012-01-02,2024-12-31
797,Chicago Store 0797,Chicago,IL,Midwest,Lucas Wang,5000,2005-08-17,2024-12-31
798,Los Angeles Store 0798,Los Angeles,CA,West,Ananya Silva,20500,2010-06-01,2024-12-31
799,San Francisco Store 0799,San Francisco,CA,West,Fatima Wilson,36000,2007-06-24,2024-12-31
800,Seattle Store 0800,Seattle,WA,West,Emma Khan,44000,2016-05-20,2024-12-31
801,Dallas Store 0801,Dallas,TX,South,Mary Nguyen,11500,2015-01-25,2024-12-31
802,Miami Store 0802,Miami,FL,South,Zara Smith,33000,2012-08-08,2024-12-31
803,Phoenix Store 0803,Phoenix,AZ,West,Zara Silva,40000,2021-01-11,2024-12-31
804,Los Angeles Store 0804,Los Angeles,CA,West,Lucas Kim,38000,2018-05-11,2024-12-31
805,Atlanta Store 0805,Atlanta,GA,South,Fatima Ali,46500,2022-08-08,2024-12-31
806,San Francisco Store 0806,San Francisco,CA,West,Kenji Kim,12500,2021-01-08,2024-12-31
807,Dallas Store 0807,Dallas,TX,South,Zara Lopez,10500,2012-05-09,2024-12-31
808,Chicago Store 0808,Chicago,IL,Midwest,Carlos Davis,33000,2007-03-14,2024-12-31
809,Boston Store 0809,Boston,MA,East,Olivia Wilson,9000,2007-01-26,2024-12-31
810,New York Store 0810,New York,NY,East,Wei Singh,17500,2015-01-03,2024-12-31
811,New York Store 0811,New York,NY,East,Mia Tanaka,29500,2018-03-12,2024-12-31
812,Chicago Store 0812,Chicago,IL,Midwest,Liam Khan,41000,2016-03-10,2024-12-31
813,Columbus Store 0813,Columbus,OH,Midwest,Noah Singh,50500,2014-05-09,2024-12-31
814,San Francisco Store 0814,San Francisco,CA,West,Wei Tanaka,12000,2015-11-16,2024-12-31
815,Seattle Store 0815,Seattle,WA,West,Wei Tanaka,59000,2016-11-13,2024-12-31
816,New York Store 0816,New York,NY,East,Carlos Kumar,34000,2005-09-25,2024-12-31
817,Seattle Store 0817,Seattle,WA,West,Ananya Davis,11500,2018-06-30,2024-12-31
818,Los Angeles Store 0818,Los Angeles,CA,West,Priya Sharma,27500,2017-10-28,2024-12-31
819,Miami Store 0819,Miami,FL,South,Arjun Chen,11500,2013-05-02,2024-12-31
820,Miami Store 0820,Miami,FL,South,Emma Ali,22500,2015-11-25,2024-12-31
821,New York Store 0821,New York,NY,East,Wei Chen,54000,2018-03-24,2024-12-31
822,Houston Store 0822,Houston,TX,South,Fatima Ali,17500,2009-02-08,2024-12-31
823,San Francisco Store 0823,San Francisco,CA,West,Sophia Smith,11500,2017-04-13,2024-12-31
824,Dallas Store 0824,Dallas,TX,South,Mary Wilson,34500,2017-11-08,2024-12-31
825,Miami Store 0825,Miami,FL,South,Noah Brown,54000,2013-06-18,2024-12-31
826,Houston Store 0826,Houston,TX,South,Zara Costa,12000,2022-02-02,2024-12-31
827,Boston Store 0827,Boston,MA,East,Lucas Kumar,52500,2015-02-03,2024-12-31
828,Denver Store 0828,Denver,CO,West,Wei Brown,9500,2022-12-10,2024-12-31
829,Columbus Store 0829,Columbus,OH,Midwest,Yuki Wilson,28500,2010-03-23,2024-12-31
830,Los Angeles Store 0830,Los Angeles,CA,West,John Sato,6500,2020-01-15,2024-12-31
831,Los Angeles Store 0831,Los Angeles,CA,West,Zara Khan,45000,2006-12-27,2024-12-31
832,Los Angeles Store 0832,Los Angeles,CA,West,Omar Smith,40500,2019-02-18,2024-12-31
833,San Francisco Store 0833,San Francisco,CA,West,Omar Ali,39500,2019-06-22,2024-12-31
834,Boston Store 0834,Boston,MA,East,Ananya Patel,16000,2018-11-17,2024-12-31
835,Chicago Store 0835,Chicago,IL,Midwest,Mary Silva,37000,2009-04-01,2024-12-31
836,Seattle Store 0836,Seattle,WA,West,Arjun Smith,11500,2019-10-07,2024-12-31
837,Los Angeles Store 0837,Los Angeles,CA,West,Li Smith,21500,2022-08-25,2024-12-31
838,Atlanta Store 0838,Atlanta,GA,South,Omar Silva,32000,2006-11-25,2024-12-31
839,San Francisco Store 0839,San Francisco,CA,West,Yuki Brown,29500,2018-03-18,2024-12-31
840,New York Store 0840,New York,NY,East,James Brown,31500,2009-01-18,2024-12-31
841,Dallas Store 0841,Dallas,TX,South,Arjun Brown,28000,2010-10-08,2024-12-31
842,New York Store 0842,New York,NY,East,Priya Sato,14500,2011-05-27,2024-12-31
843,Boston Store 0843,Boston,MA,East,Ahmed Patel,13500,2011-11-19,2024-12-31
844,Phoenix Store 0844,Phoenix,AZ,West,Mia Wang,7500,2018-10-13,2024-12-31
845,Phoenix Store 0845,Phoenix,AZ,West,Li Smith,49500,2006-04-25,2024-12-31
846,Miami Store 0846,Miami,FL,South,Priya Brown,13000,2014-04-05,2024-12-31
847,Los Angeles Store 0847,Los Angeles,CA,West,Ahmed Miller,56500,2007-09-18,2024-12-31
848,New York Store 0848,New York,NY,East,Maria Costa,41500,2010-04-22,2024-12-31
849,Houston Store 0849,Houston,TX,South,Arjun Miller,11000,2011-01-16,2024-12-31
850,New York Store 0850,New York,NY,East,Noah Sato,30000,2006-06-21,2024-12-31
851,Houston Store 0851,Houston,TX,South,Olivia Nguyen,18500,2005-06-02,2024-12-31
852,Atlanta Store 0852,Atlanta,GA,South,Kenji Kim,10000,2010-07-11,2024-12-31
853,Seattle Store 0853,Seattle,WA,West,Lucas Chen,23000,2017-09-30,2024-12-31
854,Dallas Store 0854,Dallas,TX,South,Raj Nguyen,36000,2009-07-25,2024-12-31
855,San Francisco Store 0855,San Francisco,CA,West,Wei Davis,38500,2008-10-09,2024-12-31
856,San Francisco Store 0856,San Francisco,CA,West,Ananya Wilson,39500,2015-02-18,2024-12-31
857,New York Store 0857,New York,NY,East,Noah Costa,22500,2019-08-25,2024-12-31
858,Phoenix Store 0858,Phoenix,AZ,West,James Johnson,34500,2011-02-17,2024-12-31
859,Columbus Store 0859,Columbus,OH,Midwest,Mia Miller,26000,2019-03-08,2024-12-31
860,Atlanta Store 0860,Atlanta,GA,South,Arjun Ali,6500,2008-08-15,2024-12-31
861,Seattle Store 0861,Seattle,WA,West,Kenji Patel,23000,2007-01-05,2024-12-31
862,Dallas Store 0862,Dallas,TX,South,Priya Chen,50000,2017-06-25,2024-12-31
863,Phoenix Store 0863,Phoenix,AZ,West,Olivia Garcia,43000,2016-04-28,2024-12-31
864,Phoenix Store 0864,Phoenix,AZ,West,John Kim,25500,2019-04-01,2024-12-31
865,Atlanta Store 0865,Atlanta,GA,South,Omar Kumar,21000,2010-07-08,2024-12-31
866,Denver Store 0866,Denver,CO,West,John Brown,17000,2015-04-25,2024-12-31
867,Phoenix Store 0867,Phoenix,AZ,West,John Smith,48000,2008-01-01,2024-12-31
868,Denver Store 0868,Denver,CO,West,James Costa,34000,2005-02-05,2024-12-31
869,Los Angeles Store 0869,Los Angeles,CA,West,Mia Wang,30000,2017-06-20,2024-12-31
870,Los Angeles Store 0870,Los Angeles,CA,West,Omar Singh,52500,2013-10-23,2024-12-31
871,Chicago Store 0871,Chicago,IL,Midwest,Lucas Nguyen,8500,2017-01-30,2024-12-31
872,New York Store 0872,New York,NY,East,Mia Kumar,47000,2007-10-09,2024-12-31
873,Dallas Store 0873,Dallas,TX,South,Liam Costa,26500,2013-09-04,2024-12-31
874,Boston Store 0874,Boston,MA,East,Omar Smith,11500,2015-05-19,2024-12-31
875,Dallas Store 0875,Dallas,TX,South,Carlos Kumar,4500,2009-12-20,2024-12-31
876,Seattle Store 0876,Seattle,WA,West,Ahmed Kim,49000,2013-01-10,2024-12-31
877,Atlanta Store 0877,Atlanta,GA,South,Yuki Nguyen,23000,2023-02-18,2024-12-31
878,Seattle Store 0878,Seattle,WA,West,Maria Singh,27000,2005-10-29,2024-12-31
879,Miami Store 0879,Miami,FL,South,Omar Costa,17000,2005-02-28,2024-12-31
880,Atlanta Store 0880,Atlanta,GA,South,Lucas Miller,11000,2011-03-23,2024-12-31
881,Chicago Store 0881,Chicago,IL,Midwest,Sophia Wang,39000,2009-05-07,2024-12-31
882,Denver Store 0882,Denver,CO,West,Kenji Kim,47500,2018-07-11,2024-12-31
883,Chicago Store 0883,Chicago,IL,Midwest,Raj Silva,12000,2021-09-25,2024-12-31
884,New York Store 0884,New York,NY,East,Ahmed Silva,58500,2010-02-11,2024-12-31
885,Los Angeles Store 0885,Los Angeles,CA,West,Zara Khan,16000,2020-03-17,2024-12-31
886,New York Store 0886,New York,NY,East,Omar Kim,38000,2018-10-13,2024-12-31
887,Atlanta Store 0887,Atlanta,GA,South,Ananya Kumar,4000,2014-07-31,2024-12-31
888,Columbus Store 0888,Columbus,OH,Midwest,Lucas Johnson,58500,2012-03-31,2024-12-31
889,Houston Store 0889,Houston,TX,South,Olivia Khan,11500,2020-04-03,2024-12-31
890,Chicago Store 0890,Chicago,IL,Midwest,Sophia Davis,37000,2022-01-09,2024-12-31
891,New York Store 0891,New York,NY,East,Zara Lopez,7000,2011-03-27,2024-12-31
892,Los Angeles Store 0892,Los Angeles,CA,West,Ananya Kumar,24000,2005-02-12,2024-12-31
893,Dallas Store 0893,Dallas,TX,South,John Patel,60000,2017-10-29,2024-12-31
894,San Francisco Store 0894,San Francisco,CA,West,Zara Lopez,48000,2014-07-04,2024-12-31
895,Phoenix Store 0895,Phoenix,AZ,West,Maria Garcia,14500,2012-05-21,2024-12-31
896,Miami Store 0896,Miami,FL,South,Lucas Nguyen,10000,2005-08-17,2024-12-31
897,Houston Store 0897,Houston,TX,South,James Silva,55000,2019-01-18,2024-12-31
898,Los Angeles Store 0898,Los Angeles,CA,West,Ahmed Lopez,10500,2015-08-16,2024-12-31
899,Atlanta Store 0899,Atlanta,GA,South,John Johnson,56500,2012-06-25,2024-12-31
900,Chicago Store 0900,Chicago,IL,Midwest,Maria Patel,53500,2018-06-16,2024-12-31
901,Columbus Store 0901,Columbus,OH,Midwest,Priya Nguyen,32500,2017-12-26,2024-12-31
902,Boston Store 0902,Boston,MA,East,Mary Johnson,28000,2012-01-11,2024-12-31
903,Los Angeles Store 0903,Los Angeles,CA,West,Omar Patel,54000,2007-11-11,2024-12-31
904,New York Store 0904,New York,NY,East,Noah Johnson,23000,2018-09-13,2024-12-31
905,Columbus Store 0905,Columbus,OH,Midwest,Raj Sharma,47000,2006-04-03,2024-12-31
906,Chicago Store 0906,Chicago,IL,Midwest,Fatima Miller,29500,2007-02-25,2024-12-31
907,Columbus Store 0907,Columbus,OH,Midwest,Olivia Lopez,59000,2018-06-13,2024-12-31
908,San Francisco Store 0908,San Francisco,CA,West,Yuki Smith,33000,2013-08-12,2024-12-31
909,Houston Store 0909,Houston,TX,South,Olivia Costa,43500,2007-04-10,2024-12-31
910,Miami Store 0910,Miami,FL,South,Mia Smith,33000,2016-08-08,2024-12-31
911,Miami Store 0911,Miami,FL,South,Carlos Sharma,10500,2005-04-11,2024-12-31
912,Columbus Store 0912,Columbus,OH,Midwest,Raj Silva,54500,2023-11-10,2024-12-31
913,Atlanta Store 0913,Atlanta,GA,South,Kenji Chen,44500,2016-05-31,2024-12-31
914,Atlanta Store 0914,Atlanta,GA,South,Olivia Singh,50000,2018-12-05,2024-12-31
915,Houston Store 0915,Houston,TX,South,Maria Chen,55000,2005-12-28,2024-12-31
916,New York Store 0916,New York,NY,East,Fatima Silva,31500,2016-07-05,2024-12-31
917,Phoenix Store 0917,Phoenix,AZ,West,Emma Ali,41000,2017-02-20,2024-12-31
918,San Francisco Store 0918,San Francisco,CA,West,Wei Singh,23500,2018-07-14,2024-12-31
919,Miami Store 0919,Miami,FL,South,Emma Smith,37000,2018-02-26,2024-12-31
920,Denver Store 0920,Denver,CO,West,Wei Johnson,19000,2016-05-17,2024-12-31
921,San Francisco Store 0921,San Francisco,CA,West,Ananya Johnson,31000,2012-09-17,2024-12-31
922,Atlanta Store 0922,Atlanta,GA,South,Carlos Nguyen,16500,2022-08-12,2024-12-31
923,New York Store 0923,New York,NY,East,Carlos Kim,34000,2020-08-01,2024-12-31
924,Denver Store 0924,Denver,CO,West,Noah Costa,48000,2012-06-05,2024-12-31
925,Los Angeles Store 0925,Los Angeles,CA,West,Kenji Brown,43000,2011-09-21,2024-12-31
926,Dallas Store 0926,Dallas,TX,South,Li Sharma,33000,2022-09-14,2024-12-31
927,Los Angeles Store 0927,Los Angeles,CA,West,Sophia Lopez,4000,2019-04-30,2024-12-31
928,Atlanta Store 0928,Atlanta,GA,South,Maria Kumar,43500,2009-10-13,2024-12-31
929,Atlanta Store 0929,Atlanta,GA,South,Zara Brown,55500,2021-08-07,2024-12-31
930,Dallas Store 0930,Dallas,TX,South,Liam Wang,56500,2005-02-25,2024-12-31
931,Dallas Store 0931,Dallas,TX,South,Raj Davis,5500,2017-06-11,2024-12-31
932,New York Store 0932,New York,NY,East,Fatima Kumar,16000,2019-02-28,2024-12-31
933,Chicago Store 0933,Chicago,IL,Midwest,Emma Johnson,5500,2009-06-20,2024-12-31
934,Atlanta Store 0934,Atlanta,GA,South,Li Lopez,20500,2021-02-14,2024-12-31
935,Boston Store 0935,Boston,MA,East,Ananya Lopez,15000,2009-05-25,2024-12-31
936,New York Store 0936,New York,NY,East,Ahmed Sharma,5000,2023-08-26,2024-12-31
937,Denver Store 0937,Denver,CO,West,Liam Nguyen,54000,2007-06-29,2024-12-31
938,Miami Store 0938,Miami,FL,South,Carlos Ali,33000,2010-05-22,2024-12-31
939,Dallas Store 0939,Dallas,TX,South,Emma Kim,14500,2016-10-26,2024-12-31
940,Phoenix Store 0940,Phoenix,AZ,West,Yuki Wilson,60000,2020-12-12,2024-12-31
941,New York Store 0941,New York,NY,East,Wei Chen,54500,2009-04-03,2024-12-31
942,Atlanta Store 0942,Atlanta,GA,South,Liam Davis,24000,2018-06-13,2024-12-31
943,Houston Store 0943,Houston,TX,South,Lucas Lopez,6500,2022-02-12,2024-12-31
944,Columbus Store 0944,Columbus,OH,Midwest,Carlos Sato,22500,2022-09-17,2024-12-31
945,Boston Store 0945,Boston,MA,East,Maria Johnson,44000,2022-11-05,2024-12-31
946,Miami Store 0946,Miami,FL,South,Wei Tanaka,41000,2015-12-20,2024-12-31
947,Atlanta Store 0947,Atlanta,GA,South,Raj Singh,54500,2019-11-19,2024-12-31
948,Columbus Store 0948,Columbus,OH,Midwest,Li Tanaka,28500,2021-11-07,2024-12-31
949,Los Angeles Store 0949,Los Angeles,CA,West,Arjun Davis,35500,2016-08-21,2024-12-31
950,Houston Store 0950,Houston,TX,South,John Davis,37500,2020-07-30,2024-12-31
951,Houston Store 0951,Houston,TX,South,Sophia Singh,21000,2018-01-14,2024-12-31
952,Dallas Store 0952,Dallas,TX,South,Kenji Nguyen,6000,2009-08-25,2024-12-31
953,Atlanta Store 0953,Atlanta,GA,South,Carlos Kumar,59000,2010-04-05,2024-12-31
954,Dallas Store 0954,Dallas,TX,South,Fatima Wilson,28000,2017-10-25,2024-12-31
955,Boston Store 0955,Boston,MA,East,Emma Khan,39000,2006-11-26,2024-12-31
956,Boston Store 0956,Boston,MA,East,Raj Ali,32000,2016-08-21,2024-12-31
957,Dallas Store 0957,Dallas,TX,South,Kenji Johnson,33500,2016-06-28,2024-12-31
958,Columbus Store 0958,Columbus,OH,Midwest,Olivia Kumar,33500,2014-09-14,2024-12-31
959,Dallas Store 0959,Dallas,TX,South,Sophia Brown,21000,2013-07-30,2024-12-31
960,New York Store 0960,New York,NY,East,Noah Lopez,20500,2019-06-23,2024-12-31
961,New York Store 0961,New York,NY,East,Raj Ali,57500,2016-04-03,2024-12-31
962,Chicago Store 0962,Chicago,IL,Midwest,Lucas Patel,54000,2011-03-15,2024-12-31
963,Los Angeles Store 0963,Los Angeles,CA,West,Priya Sharma,8500,2013-01-30,2024-12-31
964,New York Store 0964,New York,NY,East,Carlos Brown,16500,2020-02-22,2024-12-31
965,Miami Store 0965,Miami,FL,South,Fatima Kim,58000,2011-02-27,2024-12-31
966,Atlanta Store 0966,Atlanta,GA,South,Yuki Chen,58500,2021-11-16,2024-12-31
967,Seattle Store 0967,Seattle,WA,West,Ananya Khan,4500,2022-04-10,2024-12-31
968,Miami Store 0968,Miami,FL,South,Emma Miller,29500,2023-06-08,2024-12-31
969,Chicago Store 0969,Chicago,IL,Midwest,Lucas Smith,34000,2019-09-03,2024-12-31
970,Chicago Store 0970,Chicago,IL,Midwest,Wei Miller,18500,2010-02-02,2024-12-31
971,Seattle Store 0971,Seattle,WA,West,Carlos Singh,18500,2016-07-27,2024-12-31
972,Chicago Store 0972,Chicago,IL,Midwest,Ananya Kumar,50000,2023-04-08,2024-12-31
973,Houston Store 0973,Houston,TX,South,Raj Brown,58000,2009-03-19,2024-12-31
974,Houston Store 0974,Houston,TX,South,Omar Wilson,17000,2014-11-03,2024-12-31
975,Houston Store 0975,Houston,TX,South,Ananya Smith,27500,2008-02-13,2024-12-31
976,Chicago Store 0976,Chicago,IL,Midwest,Wei Ali,51000,2005-03-21,2024-12-31
977,Chicago Store 0977,Chicago,IL,Midwest,Mia Davis,25500,2010-01-22,2024-12-31
978,Dallas Store 0978,Dallas,TX,South,Mia Miller,52500,2022-06-19,2024-12-31
979,Denver Store 0979,Denver,CO,West,Fatima Brown,41500,2005-07-10,2024-12-31
980,Chicago Store 0980,Chicago,IL,Midwest,Mary Chen,13500,2012-05-29,2024-12-31
981,Chicago Store 0981,Chicago,IL,Midwest,Yuki Costa,40500,2013-10-08,2024-12-31
982,Phoenix Store 0982,Phoenix,AZ,West,Carlos Miller,8000,2016-12-27,2024-12-31
983,Dallas Store 0983,Dallas,TX,South,Sophia Sharma,25000,2017-10-10,2024-12-31
984,Phoenix Store 0984,Phoenix,AZ,West,Lucas Ali,9500,2008-11-05,2024-12-31
985,New York Store 0985,New York,NY,East,Ananya Wang,6000,2023-07-16,2024-12-31
986,Denver Store 0986,Denver,CO,West,Sophia Smith,15500,2009-06-19,2024-12-31
987,New York Store 0987,New York,NY,East,Liam Ali,17000,2010-03-25,2024-12-31
988,Miami Store 0988,Miami,FL,South,Arjun Patel,33000,2006-04-16,2024-12-31
989,Dallas Store 0989,Dallas,TX,South,James Wang,24500,2014-03-20,2024-12-31
990,Dallas Store 0990,Dallas,TX,South,Priya Chen,38000,2014-05-21,2024-12-31
991,Houston Store 0991,Houston,TX,South,Raj Miller,59000,2009-08-19,2024-12-31
992,Boston Store 0992,Boston,MA,East,Carlos Ali,31500,2023-05-07,2024-12-31
993,Seattle Store 0993,Seattle,WA,West,Sophia Wang,42500,2017-11-25,2024-12-31
994,Los Angeles Store 0994,Los Angeles,CA,West,Kenji Garcia,36000,2021-01-28,2024-12-31
995,Denver Store 0995,Denver,CO,West,Ahmed Garcia,4000,2008-03-14,2024-12-31
996,Houston Store 0996,Houston,TX,South,Liam Costa,55500,2010-07-16,2024-12-31
997,Chicago Store 0997,Chicago,IL,Midwest,Kenji Singh,33000,2015-05-19,2024-12-31
998,Chicago Store 0998,Chicago,IL,Midwest,Zara Patel,22000,2019-07-01,2024-12-31
999,Los Angeles Store 0999,Los Angeles,CA,West,Noah Davis,48500,2020-12-17,2024-12-31
1000,San Francisco Store 1000,San Francisco,CA,West,Liam Costa,56500,2023-03-03,2024-12-31
